season,asof,location,gamma,g_raw,w,g_hat,r_star_raw,r_star,clipped_low,clipped_high,reason
2023-24,2023-09-23,Alaska,2.1875,0.0,0.13043478260869565,0.0,1.0,1.0,False,False,ok
2023-24,2023-09-23,California,2.1875,0.21825356602001778,0.3424687448818038,0.07474502482085339,1.0341691542038187,1.0341691542038187,False,False,ok
2023-24,2023-09-23,New York,2.1875,0.4595323293784399,0.24118476727785612,0.11083219791779016,1.0506661476195611,1.0506661476195611,False,False,ok
2023-24,2023-09-23,Pennsylvania,2.1875,0.020202707317519497,0.3481762198010421,0.00703410226356079,1.0032155896061992,1.0032155896061992,False,False,ok
2023-24,2023-09-23,Vermont,2.1875,0.0,0.0,0.0,1.0,1.0,False,False,nonpositive_or_missing
2023-24,2023-09-23,Wyoming,2.1875,0.0,0.0,0.0,1.0,1.0,False,False,nonpositive_or_missing
2023-24,2023-09-30,Alaska,2.1875,0.18232155679395468,0.13846153846153847,0.025244523248393727,1.01154035348498,1.01154035348498,False,False,ok
2023-24,2023-09-30,California,2.1875,-0.0816780310142673,0.34740808734721484,-0.028375608532953095,0.9870282932420786,0.9870282932420786,False,False,ok
2023-24,2023-09-30,New York,2.1875,0.9267620317414509,0.3018534863195057,0.27974635026970535,1.1278840458375796,1.1278840458375796,False,False,ok
2023-24,2023-09-30,Pennsylvania,2.1875,0.1625189294977747,0.3549883990719257,0.0576923346012982,1.0263736386748792,1.0263736386748792,False,False,ok
2023-24,2023-09-30,Vermont,2.1875,0.0,0.03448275862068965,0.0,1.0,1.0,False,False,ok
2023-24,2023-09-30,Wyoming,2.1875,0.0,0.0,0.0,1.0,1.0,False,False,nonpositive_or_missing
2023-24,2023-10-07,Alaska,2.1875,0.4054651081081646,0.1656441717791411,0.06716293201791683,1.030703054636762,1.030703054636762,False,False,ok
2023-24,2023-10-07,California,2.1875,-0.04348511193973881,0.3432512848255342,-0.014926320544097522,0.9931765391798412,0.9931765391798412,False,False,ok
2023-24,2023-10-07,New York,2.1875,-0.2602830982636668,0.3365336028297119,-0.08759400881435171,0.9599570245420106,0.9599570245420106,False,False,ok
2023-24,2023-10-07,Pennsylvania,2.1875,-0.38077249551779246,0.34713076199435555,-0.13217784651558362,0.9395758415928761,0.9395758415928761,False,False,ok
2023-24,2023-10-07,Vermont,2.1875,0.0,0.0,0.0,1.0,1.0,False,False,nonpositive_or_missing
2023-24,2023-10-07,Wyoming,2.1875,1.0986122886681096,0.0891089108910891,0.09789614453478203,1.0447525232159003,1.0447525232159003,False,False,ok
2023-24,2023-10-14,Alaska,2.1875,0.3364722366212125,0.2164948453608247,0.07284450483552021,1.0333003450676663,1.0333003450676663,False,False,ok
2023-24,2023-10-14,California,2.1875,0.41284521540578734,0.35389360061680797,0.14610327977737575,1.0667900707553717,1.0667900707553717,False,False,ok
2023-24,2023-10-14,New York,2.1875,-0.3528213746227422,0.3118651393991787,-0.11003268717973134,0.9496993430035514,0.9496993430035514,False,False,ok
2023-24,2023-10-14,Pennsylvania,2.1875,0.02409755157906046,0.33602185508000515,0.008097303984482003,1.0037016246786203,1.0037016246786203,False,False,ok
2023-24,2023-10-14,Vermont,2.1875,0.0,0.0,0.0,1.0,1.0,False,False,nonpositive_or_missing
2023-24,2023-10-14,Wyoming,2.1875,-0.4054651081081644,0.12676056338028172,-0.05139698553483775,0.9765042351840741,0.9765042351840741,False,False,ok
2023-24,2023-10-21,Alaska,2.1875,0.4054651081081646,0.25506072874493924,0.10341822595471403,1.0472769032935836,1.0472769032935836,False,False,ok
2023-24,2023-10-21,California,2.1875,-0.3220834991691137,0.3580076098235904,-0.11530834370115277,0.9472876143080444,0.9472876143080444,False,False,ok
2023-24,2023-10-21,New York,2.1875,0.3528213746227422,0.3118651393991787,0.11003268717973134,1.0503006569964486,1.0503006569964486,False,False,ok
2023-24,2023-10-21,Pennsylvania,2.1875,0.04652001563489261,0.33854421104054716,0.015749081990708638,1.0071995803386096,1.0071995803386096,False,False,ok
2023-24,2023-10-21,Vermont,2.1875,0.0,0.0,0.0,1.0,1.0,False,False,nonpositive_or_missing
2023-24,2023-10-21,Wyoming,2.1875,0.2231435513142097,0.12,0.026777226157705163,1.0122410176720937,1.0122410176720937,False,False,ok
2023-24,2023-10-28,Alaska,2.1875,0.35667494393873245,0.29302325581395344,0.1045140533401867,1.047777852955514,1.047777852955514,False,False,ok
2023-24,2023-10-28,California,2.1875,0.3586338084240652,0.36004642016698357,0.12912481887393648,1.0590284886280852,1.0590284886280852,False,False,ok
2023-24,2023-10-28,New York,2.1875,0.21772348384487072,0.3351713272942103,0.07297466906340487,1.0333598487146993,1.0333598487146993,False,False,ok
2023-24,2023-10-28,Pennsylvania,2.1875,0.15082288973458358,0.3436334576451785,0.05182779109153245,1.0236927044989863,1.0236927044989863,False,False,ok
2023-24,2023-10-28,Vermont,2.1875,0.0,0.0,0.0,1.0,1.0,False,False,nonpositive_or_missing
2023-24,2023-10-28,Wyoming,2.1875,0.0,0.0,0.0,1.0,1.0,False,False,nonpositive_or_missing
2023-24,2023-11-04,Alaska,2.1875,0.06453852113757108,0.3130434782608695,0.020203363138717897,1.009235823149128,1.009235823149128,False,False,ok
2023-24,2023-11-04,California,2.1875,0.25423413838424125,0.37809665628807365,0.09612507763736101,1.0439428926342222,1.0439428926342222,False,False,ok
2023-24,2023-11-04,New York,2.1875,0.17185025692665912,0.3514902363823227,0.0604036874295143,1.0276131142534923,1.0276131142534923,False,False,ok
2023-24,2023-11-04,Pennsylvania,2.1875,-0.24846135929849966,0.33991865194654264,-0.08445665031355158,0.9613912455709479,0.9613912455709479,False,False,ok
2023-24,2023-11-04,Vermont,2.1875,0.0,0.0,0.0,1.0,1.0,False,False,nonpositive_or_missing
2023-24,2023-11-04,Wyoming,2.1875,0.0,0.0,0.0,1.0,1.0,False,False,nonpositive_or_missing
2023-24,2023-11-11,Alaska,2.1875,0.16705408466316607,0.3247539742619227,0.054251477911050894,1.0248006756164805,1.0248006756164805,False,False,ok
2023-24,2023-11-11,California,2.1875,0.8197798314933111,0.39597627631119897,0.3246133650697435,1.1483946811747399,1.1483946811747399,False,False,ok
2023-24,2023-11-11,New York,2.1875,0.4342855466436566,0.36781384434884623,0.15973623645614352,1.0730222795228084,1.0730222795228084,False,False,ok
2023-24,2023-11-11,Pennsylvania,2.1875,0.743157601134607,0.3523837508264159,0.26187666294297435,1.1197150459167884,1.1197150459167884,False,False,ok
2023-24,2023-11-11,Vermont,2.1875,0.0,0.0,0.0,1.0,1.0,False,False,nonpositive_or_missing
2023-24,2023-11-11,Wyoming,2.1875,1.6094379124341003,0.05454545454545454,0.08778752249640547,1.0401314388554996,1.0401314388554996,False,False,ok
2023-24,2023-11-18,Alaska,2.1875,-0.8303483020734301,0.28905682313617204,-0.24001784229386025,0.890277557808521,0.890277557808521,False,False,ok
2023-24,2023-11-18,California,2.1875,0.4799981599707319,0.41157521453127954,0.19755534566457342,1.0903110151609479,1.0903110151609479,False,False,ok
2023-24,2023-11-18,New York,2.1875,0.29334780998745824,0.3849347568208778,0.1129197679014593,1.0516204653263814,1.0516204653263814,False,False,ok
2023-24,2023-11-18,Pennsylvania,2.1875,0.0819171224678863,0.37796498981459103,0.03096180435921525,1.01415396770707,1.01415396770707,False,False,ok
2023-24,2023-11-18,Vermont,2.1875,0.916290731874155,0.08571428571428572,0.07853920558921329,1.0359036368407832,1.0359036368407832,False,False,ok
2023-24,2023-11-18,Wyoming,2.1875,0.47000362924573547,0.15,0.07050054438686032,1.032228820291136,1.032228820291136,False,False,ok
2023-24,2023-11-25,Alaska,2.1875,-0.19415601444095776,0.245698554714384,-0.04770385213724839,0.9781925247372579,0.9781925247372579,False,False,ok
2023-24,2023-11-25,California,2.1875,0.16532398042538343,0.416227451562616,0.06881237905464516,1.0314570875678377,1.0314570875678377,False,False,ok
2023-24,2023-11-25,New York,2.1875,0.2876820724517817,0.3963480128893663,0.11402221776015836,1.0521244424046439,1.0521244424046439,False,False,ok
2023-24,2023-11-25,Pennsylvania,2.1875,0.33967736757016187,0.38612830450627633,0.1311590460190218,1.0599584210372672,1.0599584210372672,False,False,ok
2023-24,2023-11-25,Vermont,2.1875,-0.5108256237659905,0.10588235294117648,-0.05408741898698723,0.9752743227488059,0.9752743227488059,False,False,ok
2023-24,2023-11-25,Wyoming,2.1875,0.9382696385929301,0.22755588127519236,0.21350877448377045,1.0976040111925807,1.0976040111925807,False,False,ok
2023-24,2023-12-02,Alaska,2.1875,0.06899287148695166,0.23954372623574144,0.01652680951968804,1.007555112923286,1.007555112923286,False,False,ok
2023-24,2023-12-02,California,2.1875,0.3388005263808038,0.41901283148174795,0.14196176786632725,1.064896808167464,1.064896808167464,False,False,ok
2023-24,2023-12-02,New York,2.1875,0.6675412296547742,0.4087197427221514,0.2728372796409279,1.1247256135501384,1.1247256135501384,False,False,ok
2023-24,2023-12-02,Pennsylvania,2.1875,0.5966362801791014,0.40020215791824354,0.23877512681999014,1.1091543436891382,1.1091543436891382,False,False,ok
2023-24,2023-12-02,Vermont,2.1875,0.0,0.08910891089108912,0.0,1.0,1.0,False,False,ok
2023-24,2023-12-02,Wyoming,2.1875,0.08338160893905089,0.2901597981497056,0.024193990819152696,1.0110601100887555,1.0110601100887555,False,False,ok
2023-24,2023-12-09,Alaska,2.1875,-0.3101549283038394,0.2255125284738041,-0.06994382210041025,0.9680256813255268,0.9680256813255268,False,False,ok
2023-24,2023-12-09,California,2.1875,0.2222435962512197,0.42206029103554904,0.09380019691457685,1.0428800900180923,1.0428800900180923,False,False,ok
2023-24,2023-12-09,New York,2.1875,0.43121760421057864,0.4171723957325196,0.1798920810305645,1.0822363798996866,1.0822363798996866,False,False,ok
2023-24,2023-12-09,Pennsylvania,2.1875,0.26101382536961903,0.4103645090154364,0.10711081029404458,1.0489649418487061,1.0489649418487061,False,False,ok
2023-24,2023-12-09,Vermont,2.1875,0.980829253011726,0.11842105263157895,0.11615083259349387,1.0530975234713116,1.0530975234713116,False,False,ok
2023-24,2023-12-09,Wyoming,2.1875,0.6931471805599454,0.3157894736842105,0.21888858333471958,1.1000633523815861,1.1000633523815861,False,False,ok
2023-24,2023-12-16,Alaska,2.1875,-1.2527629684953678,0.1510791366906475,-0.18926634775829299,0.9134782410247804,0.9134782410247804,False,False,ok
2023-24,2023-12-16,California,2.1875,0.18316937371629383,0.4229364965966748,0.07746901320337636,1.0354144060358292,1.0354144060358292,False,False,ok
2023-24,2023-12-16,New York,2.1875,0.35922571545813575,0.42055356605175703,0.15107365565341277,1.0690622425844172,1.0690622425844172,False,False,ok
2023-24,2023-12-16,Pennsylvania,2.1875,0.32737667113672764,0.4142291631704163,0.13560896452648327,1.061992669497821,1.061992669497821,False,False,ok
2023-24,2023-12-16,Vermont,2.1875,0.0,0.17647058823529413,0.0,1.0,1.0,False,False,ok
2023-24,2023-12-16,Wyoming,2.1875,0.020619287202735315,0.3468344475029493,0.007151479084865336,1.0032692475816527,1.0032692475816527,False,False,ok
2023-24,2023-12-23,Alaska,2.1875,-0.6931471805599453,0.08108108108108107,-0.05620112274810367,0.9743080581722955,0.9743080581722955,False,False,ok
2023-24,2023-12-23,California,2.1875,0.5035040535369832,0.42462714924489314,0.21380149088665726,1.097737824405329,1.097737824405329,False,False,ok
2023-24,2023-12-23,New York,2.1875,0.21041142753870545,0.4226866460547629,0.08893810059793018,1.0406574174161967,1.0406574174161967,False,False,ok
2023-24,2023-12-23,Pennsylvania,2.1875,0.5838507587808808,0.4191496551312886,0.24472084419114734,1.1118723859159532,1.1118723859159532,False,False,ok
2023-24,2023-12-23,Vermont,2.1875,0.4054651081081646,0.19565217391304346,0.07933012984724959,1.0362652022158856,1.0362652022158856,False,False,ok
2023-24,2023-12-23,Wyoming,2.1875,-0.490622916448471,0.3278810408921933,-0.16086595253068825,0.9264612788431139,0.9264612788431139,False,False,ok
2023-24,2023-12-30,Alaska,2.1875,0.18232155679395468,0.13846153846153847,0.025244523248393727,1.01154035348498,1.01154035348498,False,False,ok
2023-24,2023-12-30,California,2.1875,0.022070684119309902,0.4256693202008049,0.009394813105433346,1.004294771705341,1.004294771705341,False,False,ok
2023-24,2023-12-30,New York,2.1875,0.3527056204844028,0.4241527044410846,0.14960104280003025,1.0683890481371567,1.0683890481371567,False,False,ok
2023-24,2023-12-30,Pennsylvania,2.1875,0.3292331139156923,0.42274573559587575,0.13918189492481012,1.0636260091084846,1.0636260091084846,False,False,ok
2023-24,2023-12-30,Vermont,2.1875,0.4595323293784399,0.24118476727785612,0.11083219791779016,1.0506661476195611,1.0506661476195611,False,False,ok
2023-24,2023-12-30,Wyoming,2.1875,0.936769263217696,0.3363284923205516,0.3150621939502417,1.1440284315201106,1.1440284315201106,False,False,ok
2023-24,2024-01-06,Alaska,2.1875,0.0,0.11111111111111112,0.0,1.0,1.0,False,False,ok
2023-24,2024-01-06,California,2.1875,-0.21340972123958135,0.42544109449178763,-0.09079326537935478,0.9584945072551521,0.9584945072551521,False,False,ok
2023-24,2024-01-06,New York,2.1875,-0.05580354813587185,0.42485778804956065,-0.023708572026323697,0.9891617956451092,0.9891617956451092,False,False,ok
2023-24,2024-01-06,Pennsylvania,2.1875,-0.31006743541258075,0.4230719767099282,-0.13118084281337852,0.9400316147138841,0.9400316147138841,False,False,ok
2023-24,2024-01-06,Vermont,2.1875,-0.2363887780642302,0.2548435171385991,-0.060242147613984144,0.9724607325193215,0.9724607325193215,False,False,ok
2023-24,2024-01-06,Wyoming,2.1875,0.15984870094189674,0.3755690440060698,0.060034223798360306,1.0274442165935362,1.0274442165935362,False,False,ok
2023-24,2024-01-13,Alaska,2.1875,0.6931471805599456,0.15789473684210525,0.10944429166735983,1.050031676190793,1.050031676190793,False,False,ok
2023-24,2024-01-13,California,2.1875,-0.3167671655418802,0.42448102797104337,-0.13446165205669097,0.9385318162026556,0.9385318162026556,False,False,ok
2023-24,2024-01-13,New York,2.1875,-0.28955198083689027,0.4240398738087875,-0.1227815854151594,0.9438712752387842,0.9438712752387842,False,False,ok
2023-24,2024-01-13,Pennsylvania,2.1875,-0.19500001505372566,0.42156802191072995,-0.08220577061876169,0.962420219145709,0.962420219145709,False,False,ok
2023-24,2024-01-13,Vermont,2.1875,0.4274440148269396,0.2630241423125794,0.11242809538650127,1.051395700748115,1.051395700748115,False,False,ok
2023-24,2024-01-13,Wyoming,2.1875,-0.4054651081081637,0.36627906976744184,-0.14851338262101346,0.9321081679446795,0.9321081679446795,False,False,ok
2023-24,2024-01-20,Alaska,2.1875,0.4054651081081646,0.1656441717791411,0.06716293201791683,1.030703054636762,1.030703054636762,False,False,ok
2023-24,2024-01-20,California,2.1875,0.006812678417507101,0.42385694143039304,0.00288760103699341,1.0013200461883398,1.0013200461883398,False,False,ok
2023-24,2024-01-20,New York,2.1875,-0.1876968023184622,0.42307219373178157,-0.07940929791331235,0.9636986066682001,0.9636986066682001,False,False,ok
2023-24,2024-01-20,Pennsylvania,2.1875,-0.2231435513142097,0.41927710843373495,-0.09355898296065661,0.9572301792179856,0.9572301792179856,False,False,ok
2023-24,2024-01-20,Vermont,2.1875,0.08004270767353638,0.2939698492462311,0.023530142708049637,1.010756636666537,1.010756636666537,False,False,ok
2023-24,2024-01-20,Wyoming,2.1875,-0.889857474806,0.3173455978975033,-0.2823923523858725,0.8709063531950297,0.8709063531950297,False,False,ok
2023-24,2024-01-27,Alaska,2.1875,-0.4054651081081646,0.1656441717791411,-0.06716293201791683,0.9692969453632381,0.9692969453632381,False,False,ok
2023-24,2024-01-27,California,2.1875,-0.4112288128249144,0.4227663844250041,-0.17385371836937583,0.9205240144597139,0.9205240144597139,False,False,ok
2023-24,2024-01-27,New York,2.1875,0.08535984895115689,0.42283539486203614,0.03609316543662618,1.016499732771029,1.016499732771029,False,False,ok
2023-24,2024-01-27,Pennsylvania,2.1875,-0.10438204199854617,0.4174839356617068,-0.043577825705958625,0.9800787082487046,0.9800787082487046,False,False,ok
2023-24,2024-01-27,Vermont,2.1875,-0.21357410029805912,0.2872676253945984,-0.06135292463841123,0.9719529487367263,0.9719529487367263,False,False,ok
2023-24,2024-01-27,Wyoming,2.1875,0.5533852381847866,0.30803571428571425,0.17046241711942084,1.0779256763974496,1.0779256763974496,False,False,ok
2023-24,2024-02-03,Alaska,2.1875,0.15415067982725827,0.1547911547911548,0.023861161742302878,1.0109079596536241,1.0109079596536241,False,False,ok
2023-24,2024-02-03,California,2.1875,-0.31581265202369835,0.4205340067023313,-0.132809959922815,0.939286875463856,0.939286875463856,False,False,ok
2023-24,2024-02-03,New York,2.1875,-0.20755145655437346,0.42241782217881696,-0.08767343426773978,0.9599207157633189,0.9599207157633189,False,False,ok
2023-24,2024-02-03,Pennsylvania,2.1875,0.07985461400233351,0.4173568726394341,0.03332787196584308,1.0152355986129569,1.0152355986129569,False,False,ok
2023-24,2024-02-03,Vermont,2.1875,-0.27193371548364187,0.2630480167014614,-0.07153162453223147,0.9672998287852657,0.9672998287852657,False,False,ok
2023-24,2024-02-03,Wyoming,2.1875,0.0,0.33333333333333326,0.0,1.0,1.0,False,False,ok
2023-24,2024-02-10,Alaska,2.1875,0.3184537311185349,0.19186046511627905,0.061098680970416576,1.027930825586476,1.027930825586476,False,False,ok
2023-24,2024-02-10,California,2.1875,-0.2845124976905016,0.4179753766565329,-0.11891921838567834,0.9456369287379756,0.9456369287379756,False,False,ok
2023-24,2024-02-10,New York,2.1875,0.003888533739693223,0.4223154588606472,0.0016421879105736519,1.0007507144734051,1.0007507144734051,False,False,ok
2023-24,2024-02-10,Pennsylvania,2.1875,-0.06365785177197747,0.4177108020860631,-0.02659057232274842,0.987844309795315,0.987844309795315,False,False,ok
2023-24,2024-02-10,Vermont,2.1875,0.10536051565782634,0.26732673267326734,0.02816568240357734,1.0128757405273496,1.0128757405273496,False,False,ok
2023-24,2024-02-10,Wyoming,2.1875,-0.25489224962879,0.32291666666666663,-0.08230895560929676,0.9623730488643215,0.9623730488643215,False,False,ok
2023-24,2024-02-17,Alaska,2.1875,-1.7047480922384253,0.09792284866468842,-0.16693378944767961,0.9236874105382036,0.9236874105382036,False,False,ok
2023-24,2024-02-17,California,2.1875,-0.2334874220637797,0.41555986571715475,-0.09702800175946893,0.9556443420528142,0.9556443420528142,False,False,ok
2023-24,2024-02-17,New York,2.1875,0.11302338840339576,0.42206733225835075,0.047703480026220664,1.0218073051548437,1.0218073051548437,False,False,ok
2023-24,2024-02-17,Pennsylvania,2.1875,0.15348290016972221,0.41819900214348554,0.06418639569706604,1.0293423523186587,1.0293423523186587,False,False,ok
2023-24,2024-02-17,Vermont,2.1875,0.04879016416943216,0.27510917030567683,0.013422621583730244,1.0061360555811338,1.0061360555811338,False,False,ok
2023-24,2024-02-17,Wyoming,2.1875,0.2876820724517808,0.3289036544850498,0.09461968495922359,1.0432547131242165,1.0432547131242165,False,False,ok
2023-24,2024-02-24,Alaska,2.1875,1.6094379124341005,0.0967741935483871,0.15575205604200973,1.0712009399049187,1.0712009399049187,False,False,ok
2023-24,2024-02-24,California,2.1875,-0.19801288658863037,0.4128963563191424,-0.08175879937668105,0.9626245488563744,0.9626245488563744,False,False,ok
2023-24,2024-02-24,New York,2.1875,0.010075651988741718,0.4224900926178274,0.0042568631419084854,1.0019459945791582,1.0019459945791582,False,False,ok
2023-24,2024-02-24,Pennsylvania,2.1875,-0.016393809775675727,0.418763658191163,-0.006865131753352017,0.9968616540556106,0.9968616540556106,False,False,ok
2023-24,2024-02-24,Vermont,2.1875,0.5108256237659905,0.2985781990521327,0.15252139477373175,1.0697240661822773,1.0697240661822773,False,False,ok
2023-24,2024-02-24,Wyoming,2.1875,-0.6486954179891113,0.3109381401065137,-0.20170414676515178,0.9077923900502163,0.9077923900502163,False,False,ok
2023-24,2024-03-02,Alaska,2.1875,1.01160091167848,0.14537444933920704,0.14706092548629887,1.0672278516508795,1.0672278516508795,False,False,ok
2023-24,2024-03-02,California,2.1875,-0.14008879317068157,0.412025944399074,-0.05772021730587662,0.9736136149458849,0.9736136149458849,False,False,ok
2023-24,2024-03-02,New York,2.1875,-0.04879016416943216,0.42237120677487644,-0.0206075605189874,0.9905794009056058,0.9905794009056058,False,False,ok
2023-24,2024-03-02,Pennsylvania,2.1875,0.10700187835705677,0.4192323534363455,0.044858649285738475,1.0205068111020519,1.0205068111020519,False,False,ok
2023-24,2024-03-02,Vermont,2.1875,0.03774032798284699,0.29940290019903326,0.01129956365252712,1.0051655148125838,1.0051655148125838,False,False,ok
2023-24,2024-03-02,Wyoming,2.1875,0.0,0.30111524163568776,0.0,1.0,1.0,False,False,ok
2023-24,2024-03-09,Alaska,2.1875,-0.7884573603642704,0.16097560975609754,-0.12692240435132154,0.9419783294393959,0.9419783294393959,False,False,ok
2023-24,2024-03-09,California,2.1875,-0.27541197985996657,0.40853733546561694,-0.1125160764073009,0.9485640793566624,0.9485640793566624,False,False,ok
2023-24,2024-03-09,New York,2.1875,-0.2876820724517808,0.42129517341741446,-0.12119906860265418,0.9445947114959296,0.9445947114959296,False,False,ok
2023-24,2024-03-09,Pennsylvania,2.1875,-0.06453852113757108,0.41946538725154214,-0.027071675761613092,0.9876243767946912,0.9876243767946912,False,False,ok
2023-24,2024-03-09,Vermont,2.1875,-0.06899287148695166,0.30731707317073165,-0.021202687335014406,0.9903073429325648,0.9903073429325648,False,False,ok
2023-24,2024-03-09,Wyoming,2.1875,-0.5877866649021191,0.2691029900332226,-0.1581751490268161,0.9276913604448841,0.9276913604448841,False,False,ok
2023-24,2024-03-16,Alaska,2.1875,0.47000362924573547,0.15,0.07050054438686032,1.032228820291136,1.032228820291136,False,False,ok
2023-24,2024-03-16,California,2.1875,-0.10752034371125685,0.40483693920186964,-0.04352820684999822,0.9801013911542865,0.9801013911542865,False,False,ok
2023-24,2024-03-16,New York,2.1875,-0.3040619924704586,0.4190913977200709,-0.1274297654179942,0.9417463929517741,0.9417463929517741,False,False,ok
2023-24,2024-03-16,Pennsylvania,2.1875,-0.2935702150770032,0.4176373973287418,-0.12260590055799857,0.9439515883163435,0.9439515883163435,False,False,ok
2023-24,2024-03-16,Vermont,2.1875,-0.1892419996385284,0.2986270022883295,-0.05651277105910287,0.9741655903729816,0.9741655903729816,False,False,ok
2023-24,2024-03-16,Wyoming,2.1875,-0.3101549283038394,0.2255125284738041,-0.06994382210041025,0.9680256813255268,0.9680256813255268,False,False,ok
2023-24,2024-03-23,Alaska,2.1875,0.2006706954621511,0.1989283322170127,0.03991908677311378,1.018248725381995,1.018248725381995,False,False,ok
2023-24,2024-03-23,California,2.1875,-0.10008345855698231,0.4029247858772488,-0.0403261061089266,0.9815652086359192,0.9815652086359192,False,False,ok
2023-24,2024-03-23,New York,2.1875,-0.12937913752375518,0.4162282040023517,-0.05385124604688589,0.9753822875214236,0.9753822875214236,False,False,ok
2023-24,2024-03-23,Pennsylvania,2.1875,-0.07598590697792229,0.4152042165939554,-0.0315496689789494,0.9855772941810517,0.9855772941810517,False,False,ok
2023-24,2024-03-23,Vermont,2.1875,-0.13353139262452274,0.28378378378378377,-0.0378940438529051,0.9826770085243862,0.9826770085243862,False,False,ok
2023-24,2024-03-23,Wyoming,2.1875,-0.7884573603642704,0.16097560975609754,-0.12692240435132154,0.9419783294393959,0.9419783294393959,False,False,ok
2023-24,2024-03-30,Alaska,2.1875,-0.09531017980432477,0.20496894409937885,-0.01953562691641439,0.9910694276953534,0.9910694276953534,False,False,ok
2023-24,2024-03-30,California,2.1875,0.022599831917240465,0.4025745924989826,0.00909811812462858,1.0041591397141159,1.0041591397141159,False,False,ok
2023-24,2024-03-30,New York,2.1875,0.06506359334706246,0.41568336221360397,0.0270458532402056,1.012363818624094,1.012363818624094,False,False,ok
2023-24,2024-03-30,Pennsylvania,2.1875,-0.26670894907150267,0.41285064613444994,-0.11011096195400998,0.9496635602495954,0.9496635602495954,False,False,ok
2023-24,2024-03-30,Vermont,2.1875,0.054067221270275745,0.2648425400103252,0.01431930021252011,1.0065459658114377,1.0065459658114377,False,False,ok
2023-24,2024-03-30,Wyoming,2.1875,0.7884573603642704,0.16097560975609754,0.12692240435132154,1.058021670560604,1.058021670560604,False,False,ok
2023-24,2024-04-06,Alaska,2.1875,-0.6931471805599452,0.13636363636363638,-0.09452007007635617,0.9567908251079514,0.9567908251079514,False,False,ok
2023-24,2024-04-06,California,2.1875,-0.21489040955748973,0.40026860276075166,-0.08601388398026209,0.9606793673233087,0.9606793673233087,False,False,ok
2023-24,2024-04-06,New York,2.1875,0.05001042057466165,0.4166594284721619,0.02083731325429097,1.0095256289162473,1.0095256289162473,False,False,ok
2023-24,2024-04-06,Pennsylvania,2.1875,-0.022989518224698635,0.4105902777777778,-0.009439272673856297,0.9956849039205229,0.9956849039205229,False,False,ok
2023-24,2024-04-06,Vermont,2.1875,-0.5108256237659905,0.21259842519685038,-0.10860072316284837,0.950353955125555,0.950353955125555,False,False,ok
2023-24,2024-04-06,Wyoming,2.1875,-0.45198512374305744,0.18347895154884827,-0.08292975662005263,0.9620892541165473,0.9620892541165473,False,False,ok
2023-24,2024-04-13,Alaska,2.1875,0.13353139262452252,0.1693548387096774,0.022614187460604618,1.010337914267705,1.010337914267705,False,False,ok
2023-24,2024-04-13,California,2.1875,0.16653768909269218,0.40022791095193516,0.06665303140033106,1.0304699572115799,1.0304699572115799,False,False,ok
2023-24,2024-04-13,New York,2.1875,-0.17795155712283606,0.41588095947790343,-0.074006664316832,0.966168382026591,0.966168382026591,False,False,ok
2023-24,2024-04-13,Pennsylvania,2.1875,-0.26975585618362885,0.40771480980368036,-0.10998345759733719,0.949721847955503,0.949721847955503,False,False,ok
2023-24,2024-04-13,Vermont,2.1875,0.5753641449035616,0.2151394422310757,0.12378352121431206,1.056586752555114,1.056586752555114,False,False,ok
2023-24,2024-04-13,Wyoming,2.1875,-0.33647223662121295,0.14482758620689656,-0.04873046185548602,0.9777232174374921,0.9777232174374921,False,False,ok
2023-24,2024-04-20,Alaska,2.1875,-1.3862943611198904,0.09374999999999999,-0.1299650963549897,0.9405873845234333,0.9405873845234333,False,False,ok
2023-24,2024-04-20,California,2.1875,-0.1072455303535973,0.40120033643634084,-0.043026942859157036,0.9803305404072425,0.9803305404072425,False,False,ok
2023-24,2024-04-20,New York,2.1875,-0.5227359798609061,0.4113183053270127,-0.21501087736984334,0.9017093132023574,0.9017093132023574,False,False,ok
2023-24,2024-04-20,Pennsylvania,2.1875,-0.2709871938796109,0.4017720362290926,-0.10887507667701916,0.9502285363762198,0.9502285363762198,False,False,ok
2023-24,2024-04-20,Vermont,2.1875,-0.47000362924573524,0.2222222222222222,-0.10444525094349671,0.9522535995686872,0.9522535995686872,False,False,ok
2023-24,2024-04-20,Wyoming,2.1875,-0.916290731874155,0.08571428571428572,-0.07853920558921329,0.9640963631592168,0.9640963631592168,False,False,ok
2023-24,2024-04-27,Alaska,2.1875,0.4054651081081645,0.0743801652892562,0.030158561760111408,1.0137867710903365,1.0137867710903365,False,False,ok
2023-24,2024-04-27,California,2.1875,-0.019672765598705233,0.3986901210437883,-0.007843337297813864,0.9964144743781422,0.9964144743781422,False,False,ok
2023-24,2024-04-27,New York,2.1875,-0.2861471527336974,0.40378314820945443,-0.11554139818198393,0.9471810751168074,0.9471810751168074,False,False,ok
2023-24,2024-04-27,Pennsylvania,2.1875,-0.2597532969267702,0.3947149790843767,-0.10252851716354798,0.9531298207252352,0.9531298207252352,False,False,ok
2023-24,2024-04-27,Vermont,2.1875,-0.5108256237659909,0.16981132075471697,-0.08674397384705507,0.960345611955632,0.960345611955632,False,False,ok
2023-24,2024-04-27,Wyoming,2.1875,0.6931471805599453,0.08108108108108107,0.05620112274810367,1.0256919418277046,1.0256919418277046,False,False,ok
2024-25,2024-11-16,Alaska,2.1875,0.33647223662121295,0.14482758620689656,0.04873046185548602,1.0222767825625079,1.0222767825625079,False,False,ok
2024-25,2024-11-16,California,2.1875,0.7579057479081079,0.4046560620975478,0.30669115538959174,1.1402016710352418,1.1402016710352418,False,False,ok
2024-25,2024-11-16,New York,2.1875,0.07020425867324853,0.35692025664527954,0.02505732202324746,1.011454775782056,1.011454775782056,False,False,ok
2024-25,2024-11-16,Pennsylvania,2.1875,-0.23922968906583453,0.39246219814940186,-0.09388860963337535,0.9570794927390284,0.9570794927390284,False,False,ok
2024-25,2024-11-16,Vermont,2.1875,0.0,0.0,0.0,1.0,1.0,False,False,nonpositive_or_missing
2024-25,2024-11-16,Wyoming,2.1875,-0.47000362924573547,0.15,-0.07050054438686032,0.9677711797088638,0.9677711797088638,False,False,ok
2024-25,2024-11-30,Alaska,2.1875,0.5877866649021193,0.15428571428571428,0.09068708544204125,1.0414569533449332,1.0414569533449332,False,False,ok
2024-25,2024-11-30,California,2.1875,0.36568500379339675,0.4196064784058654,0.15344379664758273,1.0701457356103234,1.0701457356103234,False,False,ok
2024-25,2024-11-30,New York,2.1875,0.3265219057680442,0.3905358129257963,0.1275184979072034,1.0582941704718645,1.0582941704718645,False,False,ok
2024-25,2024-11-30,Pennsylvania,2.1875,-0.16164135155641546,0.39218840926984566,-0.06339386453913846,0.971019947639251,0.971019947639251,False,False,ok
2024-25,2024-11-30,Vermont,2.1875,0.0,0.0,0.0,1.0,1.0,False,False,nonpositive_or_missing
2024-25,2024-11-30,Wyoming,2.1875,-0.6931471805599452,0.13636363636363638,-0.09452007007635617,0.9567908251079514,0.9567908251079514,False,False,ok
2024-25,2024-12-14,Alaska,2.1875,0.3022808718729335,0.2704634540004611,0.08175592868502443,1.0373741388274398,1.0373741388274398,False,False,ok
2024-25,2024-12-14,California,2.1875,0.25267490151675265,0.42450930752105814,0.10726284747082823,1.0490344445580928,1.0490344445580928,False,False,ok
2024-25,2024-12-14,New York,2.1875,0.38828677157308,0.41407894343085716,0.16078137612115956,1.0735000576553873,1.0735000576553873,False,False,ok
2024-25,2024-12-14,Pennsylvania,2.1875,0.4224626844767352,0.4065930878449913,0.17177040738068003,1.0785236148025965,1.0785236148025965,False,False,ok
2024-25,2024-12-14,Vermont,2.1875,0.0,0.0,0.0,1.0,1.0,False,False,nonpositive_or_missing
2024-25,2024-12-14,Wyoming,2.1875,1.7578579175523739,0.1831578947368421,0.32196555542538213,1.1471842539087462,1.1471842539087462,False,False,ok
2024-25,2024-12-21,Alaska,2.1875,-0.4274440148269396,0.2630241423125794,-0.11242809538650127,0.9486042992518852,0.9486042992518852,False,False,ok
2024-25,2024-12-21,California,2.1875,0.48222081318432686,0.4257263737290635,0.20529411813364365,1.093848739718237,1.093848739718237,False,False,ok
2024-25,2024-12-21,New York,2.1875,0.5264177185258267,0.419492596858933,0.2208283357769539,1.100950096355179,1.100950096355179,False,False,ok
2024-25,2024-12-21,Pennsylvania,2.1875,0.18419246472976614,0.4124038244082705,0.07596167688174103,1.0347253380030816,1.0347253380030816,False,False,ok
2024-25,2024-12-21,Vermont,2.1875,-0.13353139262452252,0.1693548387096774,-0.022614187460604618,0.9896620857322951,0.9896620857322951,False,False,ok
2024-25,2024-12-21,Wyoming,2.1875,-1.5755363607584192,0.19938884644766997,-0.3141443775079812,0.8563911417106371,0.8563911417106371,False,False,ok
2024-25,2024-12-28,Alaska,2.1875,-0.05715841383994835,0.2591756070016939,-0.014814066602222635,0.9932278552675554,0.9932278552675554,False,False,ok
2024-25,2024-12-28,California,2.1875,0.24543679842923805,0.42672279321347295,0.10473347618309659,1.047878160540844,1.047878160540844,False,False,ok
2024-25,2024-12-28,New York,2.1875,0.7210306599100633,0.42360914719092824,0.30543518294301414,1.1396275122025208,1.1396275122025208,False,False,ok
2024-25,2024-12-28,Pennsylvania,2.1875,1.0519999837986909,0.4191765909015933,0.44097376683726663,1.2015880076970362,1.2015880076970362,False,False,ok
2024-25,2024-12-28,Vermont,2.1875,0.8649974374866045,0.2126865671641791,0.18397333558483753,1.0841020962673542,1.0841020962673542,False,False,ok
2024-25,2024-12-28,Wyoming,2.1875,1.8607523407150066,0.2912172573189522,0.5418831932128447,1.2477180311830147,1.2477180311830147,False,False,ok
2024-25,2025-01-11,Alaska,2.1875,-0.5436154465889818,0.34261154318460907,-0.18624892705484147,0.9148576333463582,0.9148576333463582,False,False,ok
2024-25,2025-01-11,California,2.1875,-0.18811932083240634,0.4270744956513727,-0.08034096406677871,0.9632727021409011,0.9632727021409011,False,False,ok
2024-25,2025-01-11,New York,2.1875,-0.18536618698017993,0.4264235607537575,-0.07904450949543512,0.9638653670878011,0.9638653670878011,False,False,ok
2024-25,2025-01-11,Pennsylvania,2.1875,-0.05396772373275738,0.4255871273726115,-0.022967968514262922,0.9895003572506227,0.9895003572506227,False,False,ok
2024-25,2025-01-11,Vermont,2.1875,-0.09531017980432477,0.3142857142857143,-0.02995462793850207,0.9863064557995419,0.9863064557995419,False,False,ok
2024-25,2025-01-11,Wyoming,2.1875,-0.6686561605516497,0.37614065581441986,-0.25150876674424955,0.8850245637740574,0.8850245637740574,False,False,ok
2024-25,2025-01-25,Alaska,2.1875,-0.2876820724517808,0.3025210084033613,-0.08702987065768157,0.9602149162707742,0.9602149162707742,False,False,ok
2024-25,2025-01-25,California,2.1875,0.10410412134376124,0.427184056287039,0.044471620831826035,1.0203298838088348,1.0203298838088348,False,False,ok
2024-25,2025-01-25,New York,2.1875,0.05909857467526347,0.42671095363689016,0.025218009158262642,1.011528232758063,1.011528232758063,False,False,ok
2024-25,2025-01-25,Pennsylvania,2.1875,0.19562789467724695,0.4267765459202369,0.08348939717600334,1.038166581566173,1.038166581566173,False,False,ok
2024-25,2025-01-25,Vermont,2.1875,0.28768207245178123,0.3411078717201166,0.09813061946605948,1.0448597117559129,1.0448597117559129,False,False,ok
2024-25,2025-01-25,Wyoming,2.1875,0.011560822401076365,0.3785543225284177,0.004376399291910819,1.0020006396763022,1.0020006396763022,False,False,ok
2024-25,2025-02-01,Alaska,2.1875,0.03922071315328157,0.2959028831562974,0.011605522101502135,1.0053053815321153,1.0053053815321153,False,False,ok
2024-25,2025-02-01,California,2.1875,0.02500130220541763,0.4273253872673659,0.010683691147118538,1.0048839730958257,1.0048839730958257,False,False,ok
2024-25,2025-02-01,New York,2.1875,-0.005187630516815034,0.4268841696925532,-0.0022145173458423366,0.9989876492133292,0.9989876492133292,False,False,ok
2024-25,2025-02-01,Pennsylvania,2.1875,0.20395369250145556,0.4271143399418729,0.08711154675146691,1.0398224213720992,1.0398224213720992,False,False,ok
2024-25,2025-02-01,Vermont,2.1875,0.35282137462274266,0.3610207655741806,0.12737584277723735,1.0582289566981657,1.0582289566981657,False,False,ok
2024-25,2025-02-01,Wyoming,2.1875,0.1392620673335081,0.3816905527932144,0.053155015463652554,1.0242994356405268,1.0242994356405268,False,False,ok
2024-25,2025-02-08,Alaska,2.1875,-0.07410797215372167,0.30099228224917307,-0.02230592767140685,0.9898030044930711,0.9898030044930711,False,False,ok
2024-25,2025-02-08,California,2.1875,-0.26670012407558374,0.4272549780157174,-0.11394895564870262,0.9479090488463073,0.9479090488463073,False,False,ok
2024-25,2025-02-08,New York,2.1875,-0.19957082733543619,0.42678331563307953,-0.08517349939385428,0.961063543134238,0.961063543134238,False,False,ok
2024-25,2025-02-08,Pennsylvania,2.1875,0.11150780215498557,0.42733117999316816,0.04765076067333472,1.0217832048792388,1.0217832048792388,False,False,ok
2024-25,2025-02-08,Vermont,2.1875,0.3260915205666519,0.3831538101291229,0.12494320855591193,1.0571168953398455,1.0571168953398455,False,False,ok
2024-25,2025-02-08,Wyoming,2.1875,-0.5075946031845442,0.3734357334996686,-0.18955396296069346,0.9133467597893973,0.9133467597893973,False,False,ok
2024-25,2025-02-15,Alaska,2.1875,0.3794896217049035,0.3127902068383284,0.11870063726607578,1.0542631484644918,1.0542631484644918,False,False,ok
2024-25,2025-02-15,California,2.1875,-0.2831850465917354,0.4269025749013258,-0.12089242556356376,0.9447348911709423,0.9447348911709423,False,False,ok
2024-25,2025-02-15,New York,2.1875,-0.2227895063468015,0.426629446619179,-0.095048563805296,0.9565492279747219,0.9565492279747219,False,False,ok
2024-25,2025-02-15,Pennsylvania,2.1875,0.026693447424888106,0.4274173857408833,0.011409243514757387,1.0052156541781747,1.0052156541781747,False,False,ok
2024-25,2025-02-15,Vermont,2.1875,-0.2433462586317292,0.38819055667053975,-0.0944647196019441,0.9568161281819684,0.9568161281819684,False,False,ok
2024-25,2025-02-15,Wyoming,2.1875,-0.33647223662121295,0.37595907928388744,-0.12649979228470154,0.9421715235269936,0.9421715235269936,False,False,ok
2024-25,2025-02-22,Alaska,2.1875,-0.04255961441879608,0.3447127393838468,-0.01467084127342346,0.9932933297035779,0.9932933297035779,False,False,ok
2024-25,2025-02-22,California,2.1875,-0.3186883682532846,0.4263988954094089,-0.1358883682030275,0.9378796031071874,0.9378796031071874,False,False,ok
2024-25,2025-02-22,New York,2.1875,-0.32945924204636334,0.42618965304260586,-0.1404121200594195,0.9358116022585511,0.9358116022585511,False,False,ok
2024-25,2025-02-22,Pennsylvania,2.1875,-0.188267871815734,0.4273232720428929,-0.08045124300485139,0.963222288912068,0.963222288912068,False,False,ok
2024-25,2025-02-22,Vermont,2.1875,-0.2814124594381857,0.38083832335329343,-0.10717264922316534,0.951006788926553,0.951006788926553,False,False,ok
2024-25,2025-02-22,Wyoming,2.1875,0.26438650984825873,0.37829322249782127,0.10001562479544976,1.04572142847792,1.04572142847792,False,False,ok
2024-25,2025-03-01,Alaska,2.1875,-0.04348511193973881,0.3432512848255342,-0.014926320544097522,0.9931765391798412,0.9931765391798412,False,False,ok
2024-25,2025-03-01,California,2.1875,-0.41336424460718924,0.4254713858941428,-0.17587465803210625,0.91960015632818,0.91960015632818,False,False,ok
2024-25,2025-03-01,New York,2.1875,-0.31552492391511855,0.4256920141698387,-0.13431644038221194,0.9385981986824175,0.9385981986824175,False,False,ok
2024-25,2025-03-01,Pennsylvania,2.1875,-0.17880720291332608,0.42707417828513483,-0.0763639392556721,0.9650907706259785,0.9650907706259785,False,False,ok
2024-25,2025-03-01,Vermont,2.1875,-0.671640975338982,0.3620631908004912,-0.24317647460358585,0.8888336116097894,0.8888336116097894,False,False,ok
2024-25,2025-03-01,Wyoming,2.1875,-0.7239188392266986,0.3641937461679951,-0.26364671397955797,0.8794757878950592,0.8794757878950592,False,False,ok
2024-25,2025-03-08,Alaska,2.1875,-0.07550755250814545,0.3524607329842932,-0.026613447302870952,0.9878338526615447,0.9878338526615447,False,False,ok
2024-25,2025-03-08,California,2.1875,-0.4065205171771078,0.4243060589644287,-0.17248911853159996,0.9211478315284114,0.9211478315284114,False,False,ok
2024-25,2025-03-08,New York,2.1875,-0.36675059592747417,0.42485521864343573,-0.1558159046203774,0.9287698721735418,0.9287698721735418,False,False,ok
2024-25,2025-03-08,Pennsylvania,2.1875,-0.34544871704575364,0.42661029849249166,-0.14737198029273726,0.9326299518661773,0.9326299518661773,False,False,ok
2024-25,2025-03-08,Vermont,2.1875,-0.48550781578170055,0.3482142857142857,-0.16906075728112785,0.9227150823857702,0.9227150823857702,False,False,ok
2024-25,2025-03-08,Wyoming,2.1875,-0.1910552367627094,0.3362400615542447,-0.06424042456935421,0.9706329487682952,0.9706329487682952,False,False,ok
2024-25,2025-03-15,Alaska,2.1875,-0.485507815781701,0.33262260127931764,-0.16149087262674913,0.9261756010849147,0.9261756010849147,False,False,ok
2024-25,2025-03-15,California,2.1875,-0.1483814330560138,0.42353047594363513,-0.06284405896341216,0.9712712873310115,0.9712712873310115,False,False,ok
2024-25,2025-03-15,New York,2.1875,-0.26649650175240236,0.4241404500159123,-0.11303194618093029,0.9483282531744319,0.9483282531744319,False,False,ok
2024-25,2025-03-15,Pennsylvania,2.1875,-0.3986478682418255,0.42598031008465326,-0.16981614252823882,0.9223697634156622,0.9223697634156622,False,False,ok
2024-25,2025-03-15,Vermont,2.1875,-0.39390428570708824,0.32224997846498404,-0.1269356475863741,0.9419722753890861,0.9419722753890861,False,False,ok
2024-25,2025-03-15,Wyoming,2.1875,-0.02597548640326064,0.3304593429463356,-0.008583842169532984,0.9960759578653563,0.9960759578653563,False,False,ok
2024-25,2025-03-22,Alaska,2.1875,-1.268511325463507,0.2363238512035011,-0.29977948172879376,0.8629579512096943,0.8629579512096943,False,False,ok
2024-25,2025-03-22,California,2.1875,-0.47269041395595135,0.42208905509138306,-0.1995174501774222,0.9087920227760355,0.9087920227760355,False,False,ok
2024-25,2025-03-22,New York,2.1875,-0.2688220612516474,0.4235066330450884,-0.11384792604892573,0.9479552338062054,0.9479552338062054,False,False,ok
2024-25,2025-03-22,Pennsylvania,2.1875,-0.31158085183077233,0.4249698127324876,-0.13241245625355227,0.9394685914269475,0.9394685914269475,False,False,ok
2024-25,2025-03-22,Vermont,2.1875,-0.03174869831458027,0.3144547759932375,-0.009983529816588217,0.995436100655274,0.995436100655274,False,False,ok
2024-25,2025-03-22,Wyoming,2.1875,-0.38299225225610556,0.3245901639344262,-0.1243155179454244,0.9431700489392345,0.9431700489392345,False,False,ok
2024-25,2025-03-29,Alaska,2.1875,0.17435338714477755,0.28558476881232997,0.04979267175938796,1.0227623642328632,1.0227623642328632,False,False,ok
2024-25,2025-03-29,California,2.1875,-0.34927054976452165,0.42018156239216414,-0.14675704529762681,0.9329110650067992,0.9329110650067992,False,False,ok
2024-25,2025-03-29,New York,2.1875,-0.43870599092978146,0.421642878433467,-0.1849772568016395,0.9154389683192505,0.9154389683192505,False,False,ok
2024-25,2025-03-29,Pennsylvania,2.1875,-0.30383751267406645,0.4239993625667313,-0.12882691169766533,0.9411076975096387,0.9411076975096387,False,False,ok
2024-25,2025-03-29,Vermont,2.1875,-0.2682639865946794,0.3088029809035864,-0.08284071872951675,0.9621299571522209,0.9621299571522209,False,False,ok
2024-25,2025-03-29,Wyoming,2.1875,-0.2657031657330058,0.297841726618705,-0.07913748964997437,0.9638228618742974,0.9638228618742974,False,False,ok
2024-25,2025-04-05,Alaska,2.1875,-1.0608719606852626,0.2310730743910467,-0.24513894549080126,0.887936482061348,0.887936482061348,False,False,ok
2024-25,2025-04-05,California,2.1875,-0.33541085318529085,0.41842134206699333,-0.14034305933362465,0.9358431728760573,0.9358431728760573,False,False,ok
2024-25,2025-04-05,New York,2.1875,-0.2605110081035207,0.4192883264475064,-0.10922922460887796,0.9500666401787986,0.9500666401787986,False,False,ok
2024-25,2025-04-05,Pennsylvania,2.1875,-0.4640130251085788,0.4218710412319532,-0.19575365804774456,0.9105126134638882,0.9105126134638882,False,False,ok
2024-25,2025-04-05,Vermont,2.1875,0.07410797215372167,0.30099228224917307,0.02230592767140685,1.0101969955069288,1.0101969955069288,False,False,ok
2024-25,2025-04-05,Wyoming,2.1875,-0.737598943130779,0.2424145640370488,-0.17880472623323576,0.9182606965790923,0.9182606965790923,False,False,ok
2024-25,2025-04-12,Alaska,2.1875,0.0,0.21951219512195122,0.0,1.0,1.0,False,False,ok
2024-25,2025-04-12,California,2.1875,-0.11806716692694064,0.4170599263042213,-0.049241083937498056,0.9774897902000009,0.9774897902000009,False,False,ok
2024-25,2025-04-12,New York,2.1875,-0.3604036159770443,0.4169502594754146,-0.1502703811975063,0.9313049685954257,0.9313049685954257,False,False,ok
2024-25,2025-04-12,Pennsylvania,2.1875,-0.28597994438125074,0.41906195212684727,-0.11984331376153415,0.9452144851375844,0.9452144851375844,False,False,ok
2024-25,2025-04-12,Vermont,2.1875,-1.7227665977411035,0.18260869565217389,-0.31459216132663625,0.8561864405363948,0.8561864405363948,False,False,ok
2024-25,2025-04-12,Wyoming,2.1875,-2.4849066497880004,0.059602649006622516,-0.14810701886153643,0.9322939342347262,0.9322939342347262,False,False,ok
2024-25,2025-04-19,Alaska,2.1875,-0.7621400520468968,0.19504643962848295,-0.14865270365001393,0.9320444783314222,0.9320444783314222,False,False,ok
2024-25,2025-04-19,California,2.1875,-0.2530709718556823,0.41523282293231617,-0.10508337404585968,0.9519618861504642,0.9519618861504642,False,False,ok
2024-25,2025-04-19,New York,2.1875,-0.37423208841823286,0.41384308892041266,-0.15487336344413846,0.9292007481398225,0.9292007481398225,False,False,ok
2024-25,2025-04-19,Pennsylvania,2.1875,-0.24550045841548584,0.41628247397294005,-0.10219753819068934,0.953281125398542,0.953281125398542,False,False,ok
2024-25,2025-04-19,Vermont,2.1875,0.8754687373539001,0.16363636363636364,0.14325852065791092,1.0654896094436164,1.0654896094436164,False,False,ok
2024-25,2025-04-19,Wyoming,2.1875,1.0986122886681098,0.049723756906077346,0.05462713037576236,1.0249724024574913,1.0249724024574913,False,False,ok
2024-25,2025-04-26,Alaska,2.1875,-0.5596157879354227,0.1320754716981132,-0.07391151916128223,0.9662118769548425,0.9662118769548425,False,False,ok
2024-25,2025-04-26,California,2.1875,-0.3952236140559675,0.411391736235866,-0.1625917287878983,0.9256723525541036,0.9256723525541036,False,False,ok
2024-25,2025-04-26,New York,2.1875,-0.4850630748359661,0.4068589570122555,-0.1973522567129188,0.9097818255026657,0.9097818255026657,False,False,ok
2024-25,2025-04-26,Pennsylvania,2.1875,-0.37286122801534827,0.4119386526836553,-0.15359595190661576,0.9297847076998328,0.9297847076998328,False,False,ok
2024-25,2025-04-26,Vermont,2.1875,0.0,0.21951219512195122,0.0,1.0,1.0,False,False,ok
2024-25,2025-04-26,Wyoming,2.1875,-0.4054651081081645,0.0743801652892562,-0.030158561760111408,0.9862132289096633,0.9862132289096633,False,False,ok
2024-25,2025-05-03,Alaska,2.1875,0.0,0.14754098360655737,0.0,1.0,1.0,False,False,ok
2024-25,2025-05-03,California,2.1875,-0.04980282248381851,0.4091565925351567,-0.02037715314611247,0.9906847299903486,0.9906847299903486,False,False,ok
2024-25,2025-05-03,New York,2.1875,-0.34228620648663277,0.40185681647099214,-0.1375500452606509,0.9371199793094167,0.9371199793094167,False,False,ok
2024-25,2025-05-03,Pennsylvania,2.1875,-0.44325462085358236,0.4131284316518093,-0.18312108633565785,0.9162875033894136,0.9162875033894136,False,False,ok
2024-25,2025-05-03,Vermont,2.1875,-1.3862943611198906,0.12676056338028172,-0.17572745422646505,0.9196674494964732,0.9196674494964732,False,False,ok
2024-25,2025-05-03,Wyoming,2.1875,-0.6931471805599453,0.04477611940298507,-0.031036440920594564,0.985811912722014,0.985811912722014,False,False,ok
2024-25,2025-05-10,Alaska,2.1875,-1.0986122886681096,0.0891089108910891,-0.09789614453478203,0.9552474767840996,0.9552474767840996,False,False,ok
2024-25,2025-05-10,California,2.1875,-0.44092241994489445,0.40438289068107924,-0.17830148274341318,0.9184907507458683,0.9184907507458683,False,False,ok
2024-25,2025-05-10,New York,2.1875,-0.441125288507048,0.39211500259646054,-0.17297184364830553,0.920927157189346,0.920927157189346,False,False,ok
2024-25,2025-05-10,Pennsylvania,2.1875,-0.011881327886753112,0.4100129052173951,-0.004871497764688097,0.9977730295932854,0.9977730295932854,False,False,ok
2024-25,2025-05-10,Vermont,2.1875,-1.0986122886681098,0.049723756906077346,-0.05462713037576236,0.9750275975425087,0.9750275975425087,False,False,ok
2024-25,2025-05-10,Wyoming,2.1875,1.3862943611198906,0.05263157894736842,0.07296286111157319,1.0333544507938621,1.0333544507938621,False,False,ok
2024-25,2025-05-17,Alaska,2.1875,0.916290731874155,0.08571428571428572,0.07853920558921329,1.0359036368407832,1.0359036368407832,False,False,ok
2024-25,2025-05-17,California,2.1875,-0.19801288658863037,0.3983274622344222,-0.0788739706045616,0.963943327723629,0.963943327723629,False,False,ok
2024-25,2025-05-17,New York,2.1875,-0.6190392084062228,0.3704206241519674,-0.2293048899523729,0.8951749074503438,0.8951749074503438,False,False,ok
2024-25,2025-05-17,Pennsylvania,2.1875,-0.5282406653676688,0.403788460702329,-0.21329748514918503,0.9024925782175154,0.9024925782175154,False,False,ok
2024-25,2025-05-17,Vermont,2.1875,0.6931471805599453,0.04477611940298507,0.031036440920594564,1.014188087277986,1.014188087277986,False,False,ok
2024-25,2025-05-17,Wyoming,2.1875,-0.6931471805599453,0.08108108108108107,-0.05620112274810367,0.9743080581722955,0.9743080581722955,False,False,ok
2024-25,2025-05-24,Alaska,2.1875,0.33647223662121295,0.14482758620689656,0.04873046185548602,1.0222767825625079,1.0222767825625079,False,False,ok
2024-25,2025-05-24,California,2.1875,0.08338160893905133,0.40122944010632994,0.033455156269780524,1.0152937857233282,1.0152937857233282,False,False,ok
2024-25,2025-05-24,New York,2.1875,-0.44731221804366506,0.3455672299423812,-0.15457644410873175,0.9293364826931512,0.9293364826931512,False,False,ok
2024-25,2025-05-24,Pennsylvania,2.1875,0.10071397560183115,0.3997643191942464,0.04026185388981197,1.018405418921057,1.018405418921057,False,False,ok
2024-25,2025-05-24,Vermont,2.1875,-0.6931471805599453,0.04477611940298507,-0.031036440920594564,0.985811912722014,0.985811912722014,False,False,ok
2024-25,2025-05-24,Wyoming,2.1875,0.4054651081081645,0.0743801652892562,0.030158561760111408,1.0137867710903365,1.0137867710903365,False,False,ok
2024-25,2025-05-31,Alaska,2.1875,-0.15415067982725827,0.1547911547911548,-0.023861161742302878,0.9890920403463759,0.9890920403463759,False,False,ok
2024-25,2025-05-31,California,2.1875,-0.08751937801655618,0.40174807948469976,-0.0351607420358469,0.98392651792647,0.98392651792647,False,False,ok
2024-25,2025-05-31,New York,2.1875,-0.490622916448471,0.3278810408921933,-0.16086595253068825,0.9264612788431139,0.9264612788431139,False,False,ok
2024-25,2025-05-31,Pennsylvania,2.1875,0.07958743791834788,0.4024001491961191,0.032025996892480056,1.0146404557222766,1.0146404557222766,False,False,ok
2024-25,2025-05-31,Vermont,2.1875,0.0,0.03448275862068965,0.0,1.0,1.0,False,False,ok
2024-25,2025-05-31,Wyoming,2.1875,0.0,0.08910891089108912,0.0,1.0,1.0,False,False,ok
2024-25,2025-06-07,Alaska,2.1875,-0.18232155679395468,0.13846153846153847,-0.025244523248393727,0.98845964651502,0.98845964651502,False,False,ok
2024-25,2025-06-07,California,2.1875,-0.3487697644316192,0.39802669762042947,-0.1388196775665725,0.9365395759695668,0.9365395759695668,False,False,ok
2024-25,2025-06-07,New York,2.1875,-0.44468582126144574,0.3116675546084177,-0.13859414248159072,0.9366426777227014,0.9366426777227014,False,False,ok
2024-25,2025-06-07,Pennsylvania,2.1875,-0.15963014559188426,0.40133835685767305,-0.06406570033679795,0.970712822703178,0.970712822703178,False,False,ok
2024-25,2025-06-07,Vermont,2.1875,0.0,0.0,0.0,1.0,1.0,False,False,nonpositive_or_missing
2024-25,2025-06-07,Wyoming,2.1875,0.0,0.0,0.0,1.0,1.0,False,False,nonpositive_or_missing
2024-25,2025-06-14,Alaska,2.1875,0.0,0.16279069767441862,0.0,1.0,1.0,False,False,ok
2024-25,2025-06-14,California,2.1875,-0.057569851821477336,0.3959864620012991,-0.022796881940725856,0.9895785682556681,0.9895785682556681,False,False,ok
2024-25,2025-06-14,New York,2.1875,0.07410797215372167,0.30099228224917307,0.02230592767140685,1.0101969955069288,1.0101969955069288,False,False,ok
2024-25,2025-06-14,Pennsylvania,2.1875,-0.09156719352549025,0.3987255348202094,-0.036510178210436714,0.983309632818086,0.983309632818086,False,False,ok
2024-25,2025-06-14,Vermont,2.1875,0.0,0.0,0.0,1.0,1.0,False,False,nonpositive_or_missing
2024-25,2025-06-14,Wyoming,2.1875,0.0,0.0,0.0,1.0,1.0,False,False,nonpositive_or_missing
2025-26,2025-08-30,Alaska,2.1875,0.0,0.06382978723404255,0.0,1.0,1.0,False,False,ok
2025-26,2025-08-30,California,2.1875,0.182321556793954,0.37278106508875736,0.06796602413029054,1.0310701824595614,1.0310701824595614,False,False,ok
2025-26,2025-08-30,New York,2.1875,-0.5978370007556202,0.23741007194244604,-0.14193252535924794,0.9351165598357724,0.9351165598357724,False,False,ok
2025-26,2025-08-30,Pennsylvania,2.1875,-0.08338160893905133,0.38290788013318533,-0.0319274751209464,0.9854045828018531,0.9854045828018531,False,False,ok
2025-26,2025-08-30,Vermont,2.1875,0.0,0.0,0.0,1.0,1.0,False,False,nonpositive_or_missing
2025-26,2025-08-30,Wyoming,2.1875,0.0,0.0,0.0,1.0,1.0,False,False,nonpositive_or_missing
2025-26,2025-09-20,Alaska,2.1875,-2.4849066497880004,0.059602649006622516,-0.14810701886153643,0.9322939342347262,0.9322939342347262,False,False,ok
2025-26,2025-09-20,California,2.1875,-0.208544751893057,0.37265699459917395,-0.07771566047989702,0.9644728409234756,0.9644728409234756,False,False,ok
2025-26,2025-09-20,New York,2.1875,-0.5108256237659905,0.21259842519685038,-0.10860072316284837,0.950353955125555,0.950353955125555,False,False,ok
2025-26,2025-09-20,Pennsylvania,2.1875,0.008298802814695527,0.3914450035945363,0.003248524897628839,1.0014850399532018,1.0014850399532018,False,False,ok
2025-26,2025-09-20,Vermont,2.1875,0.0,0.0,0.0,1.0,1.0,False,False,nonpositive_or_missing
2025-26,2025-09-20,Wyoming,2.1875,0.0,0.03448275862068965,0.0,1.0,1.0,False,False,ok
2025-26,2025-11-15,Alaska,2.1875,0.0,0.0,0.0,1.0,1.0,False,False,nonpositive_or_missing
2025-26,2025-11-15,California,2.1875,-0.049132688577644856,0.3967339597805263,-0.019492606094072478,0.9910890943569954,0.9910890943569954,False,False,ok
2025-26,2025-11-15,New York,2.1875,0.828321958928198,0.3867873020825208,0.32038441574954635,1.1464614471997927,1.1464614471997927,False,False,ok
2025-26,2025-11-15,Pennsylvania,2.1875,0.3288579866359669,0.3942824123804514,0.12966292030140728,1.059274477852072,1.059274477852072,False,False,ok
2025-26,2025-11-15,Vermont,2.1875,-0.6931471805599453,0.08108108108108107,-0.05620112274810367,0.9743080581722955,0.9743080581722955,False,False,ok
2025-26,2025-11-15,Wyoming,2.1875,0.4054651081081645,0.0743801652892562,0.030158561760111408,1.0137867710903365,1.0137867710903365,False,False,ok
2025-26,2025-11-29,Alaska,2.1875,-1.0986122886681098,0.049723756906077346,-0.05462713037576236,0.9750275975425087,0.9750275975425087,False,False,ok
2025-26,2025-11-29,California,2.1875,0.23674920336998806,0.40052394839602584,0.09482372571336133,1.0433479888975365,1.0433479888975365,False,False,ok
2025-26,2025-11-29,New York,2.1875,0.4444505548211177,0.41662294836243724,0.18516830055089512,1.0846483659661235,1.0846483659661235,False,False,ok
2025-26,2025-11-29,Pennsylvania,2.1875,0.5808542281264746,0.4096572090686299,0.23795112197000484,1.1087776557577165,1.1087776557577165,False,False,ok
2025-26,2025-11-29,Vermont,2.1875,0.0,0.0,0.0,1.0,1.0,False,False,nonpositive_or_missing
2025-26,2025-11-29,Wyoming,2.1875,1.0986122886681096,0.0891089108910891,0.09789614453478203,1.0447525232159003,1.0447525232159003,False,False,ok
2025-26,2025-12-06,Alaska,2.1875,0.13353139262452252,0.1693548387096774,0.022614187460604618,1.010337914267705,1.010337914267705,False,False,ok
2025-26,2025-12-06,California,2.1875,0.058707600826778616,0.4075264645568919,0.023924901007554355,1.0109370976034535,1.0109370976034535,False,False,ok
2025-26,2025-12-06,New York,2.1875,0.4936958487411349,0.4228740253400071,0.20877115085081502,1.095438240388944,1.095438240388944,False,False,ok
2025-26,2025-12-06,Pennsylvania,2.1875,0.4365764983902123,0.41658707872240786,0.18187212810323652,1.0831415442757653,1.0831415442757653,False,False,ok
2025-26,2025-12-06,Vermont,2.1875,0.0,0.0,0.0,1.0,1.0,False,False,nonpositive_or_missing
2025-26,2025-12-06,Wyoming,2.1875,-0.10536051565782634,0.19424460431654675,-0.020465711674541805,0.990644246091638,0.990644246091638,False,False,ok
2025-26,2025-12-13,Alaska,2.1875,-0.16705408466316607,0.2187659357470678,-0.03654574315170741,0.9832933745592195,0.9832933745592195,False,False,ok
2025-26,2025-12-13,California,2.1875,0.4271082189876534,0.4134967647496451,0.17660786674937762,1.0807350247997154,1.0807350247997154,False,False,ok
2025-26,2025-12-13,New York,2.1875,0.17789961106776442,0.42476368368500206,0.07556529412327277,1.0345441344563533,1.0345441344563533,False,False,ok
2025-26,2025-12-13,Pennsylvania,2.1875,0.3070250352949122,0.42042737409076036,0.12908172936916296,1.0590087905687602,1.0590087905687602,False,False,ok
2025-26,2025-12-13,Vermont,2.1875,0.18232155679395468,0.13846153846153847,0.025244523248393727,1.01154035348498,1.01154035348498,False,False,ok
2025-26,2025-12-13,Wyoming,2.1875,0.5306282510621703,0.22466960352422904,0.11921603878489287,1.0544987605873797,1.0544987605873797,False,False,ok
2025-26,2025-12-27,Alaska,2.1875,0.5559460590464607,0.34827525827350725,0.1936222573005446,1.0885130319088203,1.0885130319088203,False,False,ok
2025-26,2025-12-27,California,2.1875,0.4644325841962802,0.42274341495273693,0.19633581665846,1.0897535161867247,1.0897535161867247,False,False,ok
2025-26,2025-12-27,New York,2.1875,0.14845704284119865,0.4269449393079292,0.0633829831456702,1.0289750780094493,1.0289750780094493,False,False,ok
2025-26,2025-12-27,Pennsylvania,2.1875,0.6361762344995219,0.4256077981241306,0.27076156638424204,1.1237767160613679,1.1237767160613679,False,False,ok
2025-26,2025-12-27,Vermont,2.1875,1.1486227092427712,0.27143099643524016,0.31177180649791053,1.1425242543990448,1.1425242543990448,False,False,ok
2025-26,2025-12-27,Wyoming,2.1875,0.5798184952529422,0.32507739938080493,0.18848588854971804,1.0861649776227282,1.0861649776227282,False,False,ok
2025-26,2026-01-03,Alaska,2.1875,-0.2267733193647885,0.3611419508326725,-0.08189735895220038,0.9625612073361369,0.9625612073361369,False,False,ok
2025-26,2026-01-03,California,2.1875,0.16135642832890973,0.42484230794767935,0.06855103741344833,1.0313376171032906,1.0313376171032906,False,False,ok
2025-26,2026-01-03,New York,2.1875,-0.10683002363718686,0.42723483020290554,-0.04564150700920591,0.9791353110815059,0.9791353110815059,False,False,ok
2025-26,2026-01-03,Pennsylvania,2.1875,0.31365755885504054,0.4267941481396152,0.13386721063908824,1.0611964391492974,1.0611964391492974,False,False,ok
2025-26,2026-01-03,Vermont,2.1875,0.11000089521432876,0.3423264042459089,0.03765621092255217,1.0172142678503096,1.0172142678503096,False,False,ok
2025-26,2026-01-03,Wyoming,2.1875,0.019802627296179764,0.349474645957058,0.006920516163351997,1.003163664531818,1.003163664531818,False,False,ok
2025-26,2026-01-10,Alaska,2.1875,-0.48342664957787607,0.3429454170957776,-0.165788953974699,0.9242107638972804,0.9242107638972804,False,False,ok
2025-26,2026-01-10,California,2.1875,-0.11827820773879605,0.42516281794760774,-0.05028749610401907,0.9770114303524484,0.9770114303524484,False,False,ok
2025-26,2026-01-10,New York,2.1875,-0.5438198892867643,0.42669248793065667,-0.23204386154594372,0.8939228061504257,0.8939228061504257,False,False,ok
2025-26,2026-01-10,Pennsylvania,2.1875,-0.6621554272516077,0.4264040341695844,-0.2823457454273703,0.8709276592332021,0.8709276592332021,False,False,ok
2025-26,2026-01-10,Vermont,2.1875,-0.3184537311185349,0.34374999999999994,-0.10946847007199637,0.9499572708242302,0.9499572708242302,False,False,ok
2025-26,2026-01-10,Wyoming,2.1875,-0.18924199963852795,0.3519892110586649,-0.06661114215192959,0.969549192159118,0.969549192159118,False,False,ok
2025-26,2026-01-17,Alaska,2.1875,-0.3600027340314069,0.3238493723849372,-0.1165866594729326,0.9467032413838022,0.9467032413838022,False,False,ok
2025-26,2026-01-17,California,2.1875,-0.14358072847752457,0.4249460301854017,-0.06101406057765212,0.9721078580216448,0.9721078580216448,False,False,ok
2025-26,2026-01-17,New York,2.1875,-0.91034086306792,0.4249638991201722,-0.386862002697766,0.8231487987667355,0.8231487987667355,False,False,ok
2025-26,2026-01-17,Pennsylvania,2.1875,-0.21565036633498824,0.4261215035211962,-0.09189325833756194,0.9579916533314002,0.9579916533314002,False,False,ok
2025-26,2026-01-17,Vermont,2.1875,-0.4700036292457357,0.3272727272727272,-0.15381936957133166,0.9296825739102483,0.9296825739102483,False,False,ok
2025-26,2026-01-17,Wyoming,2.1875,-0.7672551527136675,0.3242280285035629,-0.2487656255235525,0.8862785711892331,0.8862785711892331,False,False,ok
2025-26,2026-01-24,Alaska,2.1875,-0.7537718023763804,0.2809917355371901,-0.211803646948735,0.9031754756805783,0.9031754756805783,False,False,ok
2025-26,2026-01-24,California,2.1875,-0.03852328199633526,0.42497244332531303,-0.016371333274892638,0.9925159619314776,0.9925159619314776,False,False,ok
2025-26,2026-01-24,New York,2.1875,-0.7744640442775967,0.42208217546208904,-0.32688746862585566,0.8505657286281803,0.8505657286281803,False,False,ok
2025-26,2026-01-24,Pennsylvania,2.1875,-0.45460554913461415,0.4251997415262192,-0.19329816198842287,0.9116351259481495,0.9116351259481495,False,False,ok
2025-26,2026-01-24,Vermont,2.1875,-0.4353180712578455,0.3001605136436597,-0.13066529586712217,0.940267293317887,0.940267293317887,False,False,ok
2025-26,2026-01-24,Wyoming,2.1875,-0.6190392084062237,0.26325940212150434,-0.16296789189479177,0.9255003922766666,0.9255003922766666,False,False,ok
2025-26,2026-02-07,Alaska,2.1875,-1.1349799328389842,0.23304562268803947,-0.26450210518689027,0.8790847519145645,0.8790847519145645,False,False,ok
2025-26,2026-02-07,California,2.1875,0.10615143834073848,0.42575901511063685,0.04519493184053031,1.0206605402699567,1.0206605402699567,False,False,ok
2025-26,2026-02-07,New York,2.1875,-0.5125861876010234,0.4119887432937837,-0.21117973925949726,0.9034606906242298,0.9034606906242298,False,False,ok
2025-26,2026-02-07,Pennsylvania,2.1875,-0.3362786445191661,0.42295681519008127,-0.142231344502264,0.9349799567989651,0.9349799567989651,False,False,ok
2025-26,2026-02-07,Vermont,2.1875,0.11778303565638337,0.29562043795620435,0.03481907258455129,1.0159172903243663,1.0159172903243663,False,False,ok
2025-26,2026-02-07,Wyoming,2.1875,0.6418538861723944,0.2289156626506024,0.146930407678018,1.0671681863670939,1.0671681863670939,False,False,ok
2025-26,2026-02-14,Alaska,2.1875,-0.25131442828090633,0.1748381128584644,-0.04393934037473756,0.97991344440012,0.97991344440012,False,False,ok
2025-26,2026-02-14,California,2.1875,-0.24253304082306304,0.42588053633271994,-0.10329010150413155,0.9527816678838256,0.9527816678838256,False,False,ok
2025-26,2026-02-14,New York,2.1875,-0.3899609215721993,0.4084957812045388,-0.15929739129687742,0.9271783354071418,0.9271783354071418,False,False,ok
2025-26,2026-02-14,Pennsylvania,2.1875,-0.08560710994817189,0.42257235614034633,-0.036175198153164674,0.9834627665585532,0.9834627665585532,False,False,ok
2025-26,2026-02-14,Vermont,2.1875,-0.523248143764548,0.27318718381112983,-0.14294468682943806,0.9346538574493998,0.9346538574493998,False,False,ok
2025-26,2026-02-14,Wyoming,2.1875,0.38776553100876354,0.284796573875803,0.1104342946984273,1.0504842490049953,1.0504842490049953,False,False,ok
2025-26,2026-02-21,Alaska,2.1875,-0.4054651081081646,0.19565217391304346,-0.07933012984724959,0.9637347977841144,0.9637347977841144,False,False,ok
2025-26,2026-02-21,California,2.1875,-0.4447045919678816,0.4256494601272673,-0.18928826948724548,0.9134682196629735,0.9134682196629735,False,False,ok
2025-26,2026-02-21,New York,2.1875,0.10933666403746578,0.410833982852689,0.04491921715833844,1.0205344992723833,1.0205344992723833,False,False,ok
2025-26,2026-02-21,Pennsylvania,2.1875,-0.06118929734468903,0.42214977141882226,-0.025831047887338823,0.988191520965788,0.988191520965788,False,False,ok
2025-26,2026-02-21,Vermont,2.1875,-0.17185025692665912,0.2585034013605442,-0.04442387594022481,0.9796919424273258,0.9796919424273258,False,False,ok
2025-26,2026-02-21,Wyoming,2.1875,-1.029619417181158,0.24137931034482757,-0.2485288248368312,0.8863868229317343,0.8863868229317343,False,False,ok
2025-26,2026-02-28,Alaska,2.1875,-0.980829253011726,0.11842105263157895,-0.11615083259349387,0.9469024765286885,0.9469024765286885,False,False,ok
2025-26,2026-02-28,California,2.1875,-0.2504744450311813,0.42494548931357345,-0.1064379856043211,0.9513426351523103,0.9513426351523103,False,False,ok
2025-26,2026-02-28,New York,2.1875,-0.21996389839682973,0.4117418513327875,-0.09056834275228784,0.9585973290275256,0.9585973290275256,False,False,ok
2025-26,2026-02-28,Pennsylvania,2.1875,0.035901291506545085,0.4223807058984756,0.01516401284920146,1.0069321201596348,1.0069321201596348,False,False,ok
2025-26,2026-02-28,Vermont,2.1875,-0.49247648509779385,0.23330714846818534,-0.11489828442580105,0.9474750699767767,0.9474750699767767,False,False,ok
2025-26,2026-02-28,Wyoming,2.1875,0.3364722366212125,0.2164948453608247,0.07284450483552021,1.0333003450676663,1.0333003450676663,False,False,ok
2025-26,2026-03-14,Alaska,2.1875,-0.485507815781701,0.1989795918367347,-0.09660614701778744,0.9558371899347258,0.9558371899347258,False,False,ok
2025-26,2026-03-14,California,2.1875,-0.4647816852645841,0.4220269075910832,-0.19615037733718454,0.9103312560744299,0.9103312560744299,False,False,ok
2025-26,2026-03-14,New York,2.1875,-0.04800921918636014,0.4098257400797817,-0.019675413783702498,0.9910055251274503,0.9910055251274503,False,False,ok
2025-26,2026-03-14,Pennsylvania,2.1875,0.05371153924625194,0.42326642013961424,0.022734290936949453,1.010392818714034,1.010392818714034,False,False,ok
2025-26,2026-03-14,Vermont,2.1875,-0.5108256237659905,0.21259842519685038,-0.10860072316284837,0.950353955125555,0.950353955125555,False,False,ok
2025-26,2026-03-14,Wyoming,2.1875,0.0,0.19999999999999996,0.0,1.0,1.0,False,False,ok
2025-26,2026-03-21,Alaska,2.1875,-0.13353139262452252,0.1693548387096774,-0.022614187460604618,0.9896620857322951,0.9896620857322951,False,False,ok
2025-26,2026-03-21,California,2.1875,-0.19554290323209678,0.42062186910137744,-0.08224962144699433,0.9624001730528026,0.9624001730528026,False,False,ok
2025-26,2026-03-21,New York,2.1875,-0.07203112820888258,0.4098128171963942,-0.02951927957711683,0.986505472193318,0.986505472193318,False,False,ok
2025-26,2026-03-21,Pennsylvania,2.1875,-0.2720741747857902,0.4223008122874219,-0.11489714501446921,0.9474755908505283,0.9474755908505283,False,False,ok
2025-26,2026-03-21,Vermont,2.1875,-2.3978952727983707,0.059245960502693,-0.14206560862180653,0.9350557217728884,0.9350557217728884,False,False,ok
2025-26,2026-03-21,Wyoming,2.1875,-0.09531017980432477,0.20496894409937885,-0.01953562691641439,0.9910694276953534,0.9910694276953534,False,False,ok
2025-26,2026-03-28,Alaska,2.1875,0.25131442828090633,0.1748381128584644,0.04393934037473756,1.02008655559988,1.02008655559988,False,False,ok
2025-26,2026-03-28,California,2.1875,-0.6293252484892262,0.4187117553719861,-0.2635058794948353,0.8795401693737895,0.8795401693737895,False,False,ok
2025-26,2026-03-28,New York,2.1875,-0.6616485135005741,0.40160225810468636,-0.2657195370934396,0.8785282116144276,0.8785282116144276,False,False,ok
2025-26,2026-03-28,Pennsylvania,2.1875,-0.6361516995105818,0.4184418859984567,-0.2661925169243314,0.8783119922631628,0.8783119922631628,False,False,ok
2025-26,2026-03-28,Vermont,2.1875,-0.5108256237659905,0.10588235294117648,-0.05408741898698723,0.9752743227488059,0.9752743227488059,False,False,ok
2025-26,2026-03-28,Wyoming,2.1875,-1.1786549963416462,0.14942528735632182,-0.17612086152231493,0.9194876061612275,0.9194876061612275,False,False,ok
2025-26,2026-04-04,Alaska,2.1875,-0.25131442828090633,0.1748381128584644,-0.04393934037473756,0.97991344440012,0.97991344440012,False,False,ok
2025-26,2026-04-04,California,2.1875,-0.38315061792275973,0.41468626910373874,-0.15888730025118133,0.9273658055994599,0.9273658055994599,False,False,ok
2025-26,2026-04-04,New York,2.1875,0.09038406146826894,0.3990856229748324,0.03607097947805966,1.0164895906185416,1.0164895906185416,False,False,ok
2025-26,2026-04-04,Pennsylvania,2.1875,-0.02732410427455445,0.41559189778205763,-0.011355676350656917,0.9948088336682711,0.9948088336682711,False,False,ok
2025-26,2026-04-04,Vermont,2.1875,0.8472978603872034,0.11517367458866545,0.09758640805190827,1.044610929395158,1.044610929395158,False,False,ok
2025-26,2026-04-04,Wyoming,2.1875,0.9162907318741553,0.14285714285714285,0.13089867598202218,1.0598393947346387,1.0598393947346387,False,False,ok
2025-26,2026-04-11,Alaska,2.1875,0.13353139262452252,0.1693548387096774,0.022614187460604618,1.010337914267705,1.010337914267705,False,False,ok
2025-26,2026-04-11,California,2.1875,-0.31641333049226184,0.41039159947556864,-0.12985337279611106,0.9406384581503492,0.9406384581503492,False,False,ok
2025-26,2026-04-11,New York,2.1875,-0.32411946865421193,0.39795774977750714,-0.12898585440471144,0.9410350379864176,0.9410350379864176,False,False,ok
2025-26,2026-04-11,Pennsylvania,2.1875,-0.4732877044469248,0.41182044297050807,-0.19490955209782748,0.9108984904695646,0.9108984904695646,False,False,ok
2025-26,2026-04-11,Vermont,2.1875,-0.8472978603872034,0.11517367458866545,-0.09758640805190827,0.9553890706048419,0.9553890706048419,False,False,ok
2025-26,2026-04-11,Wyoming,2.1875,-0.10536051565782634,0.19424460431654675,-0.020465711674541805,0.990644246091638,0.990644246091638,False,False,ok
2025-26,2026-04-18,Alaska,2.1875,-2.0794415416798357,0.05769230769230769,-0.11996778125075974,0.9451575857139384,0.9451575857139384,False,False,ok
2025-26,2026-04-18,California,2.1875,-0.3686035148040059,0.4061367701692428,-0.14970344097552962,0.9315641412683293,0.9315641412683293,False,False,ok
2025-26,2026-04-18,New York,2.1875,-0.26826398659467987,0.3906894519740719,-0.10480790990705526,0.9520878126139176,0.9520878126139176,False,False,ok
2025-26,2026-04-18,Pennsylvania,2.1875,-0.2297153164774448,0.40570953904460294,-0.09319769515954922,0.9573953393556347,0.9573953393556347,False,False,ok
2025-26,2026-04-18,Vermont,2.1875,0.0,0.08910891089108912,0.0,1.0,1.0,False,False,ok
2025-26,2026-04-18,Wyoming,2.1875,-0.4054651081081646,0.1656441717791411,-0.06716293201791683,0.9692969453632381,0.9692969453632381,False,False,ok
2025-26,2026-05-02,Alaska,2.1875,-0.5108256237659905,0.10588235294117648,-0.05408741898698723,0.9752743227488059,0.9752743227488059,False,False,ok
2025-26,2026-05-02,California,2.1875,-0.11020314013361432,0.40716127184187906,-0.04487045069777123,0.9794877939667331,0.9794877939667331,False,False,ok
2025-26,2026-05-02,New York,2.1875,0.0,0.36767317939609234,0.0,1.0,1.0,False,False,ok
2025-26,2026-05-02,Pennsylvania,2.1875,-0.04082199452025481,0.40494938132733405,-0.016530841425525005,0.99244304391976,0.99244304391976,False,False,ok
2025-26,2026-05-02,Vermont,2.1875,0.0,0.0,0.0,1.0,1.0,False,False,nonpositive_or_missing
2025-26,2026-05-02,Wyoming,2.1875,0.0,0.0,0.0,1.0,1.0,False,False,nonpositive_or_missing
2025-26,2026-05-09,Alaska,2.1875,0.2876820724517808,0.0989010989010989,0.02845207309962667,1.0130066619884008,1.0130066619884008,False,False,ok
2025-26,2026-05-09,California,2.1875,-0.26469255422708216,0.40385162698036237,-0.10689651867419492,0.9511330200346537,0.9511330200346537,False,False,ok
2025-26,2026-05-09,New York,2.1875,-0.11607217125275415,0.367497095649929,-0.042656185821168334,0.9805000293388945,0.9805000293388945,False,False,ok
2025-26,2026-05-09,Pennsylvania,2.1875,-0.058683501828090456,0.40392974601543996,-0.023704011988717185,0.9891638802337293,0.9891638802337293,False,False,ok
2025-26,2026-05-09,Vermont,2.1875,0.0,0.0,0.0,1.0,1.0,False,False,nonpositive_or_missing
2025-26,2026-05-09,Wyoming,2.1875,0.2231435513142097,0.12,0.026777226157705163,1.0122410176720937,1.0122410176720937,False,False,ok
2025-26,2026-05-16,Alaska,2.1875,0.0,0.0,0.0,1.0,1.0,False,False,nonpositive_or_missing
2025-26,2026-05-16,California,2.1875,-0.16989903679539786,0.4024011591802939,-0.0683675693500835,0.9687462540113904,0.9687462540113904,False,False,ok
2025-26,2026-05-16,New York,2.1875,-0.6302333551493762,0.35314515828330656,-0.2225638579596458,0.8982565220755905,0.8982565220755905,False,False,ok
2025-26,2026-05-16,Pennsylvania,2.1875,-0.26953275394610365,0.39959773806640486,-0.10770467881167188,0.9507635754003786,0.9507635754003786,False,False,ok
2025-26,2026-05-16,Vermont,2.1875,0.0,0.0,0.0,1.0,1.0,False,False,nonpositive_or_missing
2025-26,2026-05-16,Wyoming,2.1875,0.47000362924573547,0.15,0.07050054438686032,1.032228820291136,1.032228820291136,False,False,ok
2025-26,2026-05-30,Alaska,2.1875,0.0,0.0,0.0,1.0,1.0,False,False,nonpositive_or_missing
2025-26,2026-05-30,California,2.1875,-0.22148929121818295,0.3949717892734387,-0.08748202165735144,0.960008218670925,0.960008218670925,False,False,ok
2025-26,2026-05-30,New York,2.1875,-1.060871960685263,0.30025662959794697,-0.31853383935032276,0.8543845305827096,0.8543845305827096,False,False,ok
2025-26,2026-05-30,Pennsylvania,2.1875,-0.30037489925019933,0.39956383509813714,-0.1200189467116262,0.9451341957889708,0.9451341957889708,False,False,ok
2025-26,2026-05-30,Vermont,2.1875,0.0,0.0,0.0,1.0,1.0,False,False,nonpositive_or_missing
2025-26,2026-05-30,Wyoming,2.1875,-0.916290731874155,0.08571428571428572,-0.07853920558921329,0.9640963631592168,0.9640963631592168,False,False,ok
2025-26,2026-06-13,Alaska,2.1875,0.0,0.0,0.0,1.0,1.0,False,False,nonpositive_or_missing
2025-26,2026-06-13,California,2.1875,-0.18677590714333547,0.39198064293121326,-0.07321254016610523,0.9665314102097805,0.9665314102097805,False,False,ok
2025-26,2026-06-13,New York,2.1875,-0.3746934494414105,0.2979683972911964,-0.111646806605567,0.9489614598374551,0.9489614598374551,False,False,ok
2025-26,2026-06-13,Pennsylvania,2.1875,-0.23155874823949407,0.39972531792877136,-0.0925598942592201,0.9576869054814994,0.9576869054814994,False,False,ok
2025-26,2026-06-13,Vermont,2.1875,0.0,0.0,0.0,1.0,1.0,False,False,nonpositive_or_missing
2025-26,2026-06-13,Wyoming,2.1875,0.0,0.0,0.0,1.0,1.0,False,False,nonpositive_or_missing
