model,location,asof,replicate,horizon,y,q50,w95,c95,r_star,w_shrink,clipped
member,New York,2026-01-07,0,1,449.0,516.5176828113822,534.491102179481,1.0,1.0411562605611882,0.4180893765052181,False
member,New York,2026-01-07,0,2,400.0,538.4547272551089,558.397494931224,1.0,1.0411562605611882,0.4180893765052181,False
member,New York,2026-01-07,0,3,328.0,561.3889100826412,610.2736193487181,0.0,1.0411562605611882,0.4180893765052181,False
member,New York,2026-01-07,0,4,345.0,584.3230929101737,721.9531183349632,1.0,1.0411562605611882,0.4180893765052181,False
control,New York,2026-01-07,0,1,449.0,536.7617579380656,617.6002736200946,1.0,1.0411562605611882,0.4180893765052181,False
control,New York,2026-01-07,0,2,400.0,600.6144577671291,901.9443275463932,1.0,1.0411562605611882,0.4180893765052181,False
control,New York,2026-01-07,0,3,328.0,670.4533482051673,1278.0766374769705,1.0,1.0411562605611882,0.4180893765052181,False
control,New York,2026-01-07,0,4,345.0,734.3060480342309,1709.1073037840201,1.0,1.0411562605611882,0.4180893765052181,False
member,New York,2026-01-07,1,1,449.0,517.5110044639556,546.1219699964624,1.0,1.0411562605611882,0.4180893765052181,False
member,New York,2026-01-07,1,2,400.0,544.1258561221018,581.5837954928262,1.0,1.0411562605611882,0.4180893765052181,False
member,New York,2026-01-07,1,3,328.0,566.7977667938561,664.3855562070592,1.0,1.0411562605611882,0.4180893765052181,False
member,New York,2026-01-07,1,4,345.0,587.4982069724143,826.0461366491329,1.0,1.0411562605611882,0.4180893765052181,False
control,New York,2026-01-07,1,1,449.0,538.3457590458437,660.6567323235665,1.0,1.0411562605611882,0.4180893765052181,False
control,New York,2026-01-07,1,2,400.0,607.3644461030032,1000.7956118599034,1.0,1.0411562605611882,0.4180893765052181,False
control,New York,2026-01-07,1,3,328.0,679.3410768911838,1491.9128693337757,1.0,1.0411562605611882,0.4180893765052181,False
control,New York,2026-01-07,1,4,345.0,753.7826607885486,2053.823580103422,1.0,1.0411562605611882,0.4180893765052181,False
member,New York,2026-01-07,2,1,449.0,514.227973279135,533.4231235587097,1.0,1.0411562605611882,0.4180893765052181,False
member,New York,2026-01-07,2,2,400.0,531.4025814240176,566.7620687811291,1.0,1.0411562605611882,0.4180893765052181,False
member,New York,2026-01-07,2,3,328.0,542.5155631648241,620.3316921271526,1.0,1.0411562605611882,0.4180893765052181,False
member,New York,2026-01-07,2,4,345.0,548.5771895689003,710.2458171209502,1.0,1.0411562605611882,0.4180893765052181,False
control,New York,2026-01-07,2,1,449.0,527.4901108655342,615.4051293431232,1.0,1.0411562605611882,0.4180893765052181,False
control,New York,2026-01-07,2,2,400.0,578.0159835538037,876.169158287282,1.0,1.0411562605611882,0.4180893765052181,False
control,New York,2026-01-07,2,3,328.0,622.478751519481,1205.6231111511431,1.0,1.0411562605611882,0.4180893765052181,False
control,New York,2026-01-07,2,4,345.0,662.394190943214,1600.6596467643794,1.0,1.0411562605611882,0.4180893765052181,False
member,New York,2026-02-04,0,1,337.0,286.2002772145954,300.2757006841657,1.0,0.9807236951979873,0.41353547016055486,False
member,New York,2026-02-04,0,2,327.0,273.0632153096632,297.46061599025165,1.0,0.9807236951979873,0.41353547016055486,False
member,New York,2026-02-04,0,3,411.0,259.92615340473094,309.65931633054583,1.0,0.9807236951979873,0.41353547016055486,False
member,New York,2026-02-04,0,4,401.0,245.85072993516067,339.68688639896243,1.0,0.9807236951979873,0.41353547016055486,False
control,New York,2026-02-04,0,1,337.0,275.7036927521344,320.7399847399614,1.0,0.9807236951979873,0.41353547016055486,False
control,New York,2026-02-04,0,2,327.0,250.3839658667343,384.5081857846727,1.0,0.9807236951979873,0.41353547016055486,False
control,New York,2026-02-04,0,3,411.0,224.12647131891197,452.0040132875128,1.0,0.9807236951979873,0.41353547016055486,False
control,New York,2026-02-04,0,4,401.0,200.68227975835632,528.924405797696,1.0,0.9807236951979873,0.41353547016055486,False
member,New York,2026-02-04,1,1,337.0,285.068696055573,286.95656821488143,1.0,0.9807236951979873,0.41353547016055486,False
member,New York,2026-02-04,1,2,327.0,273.7414630997224,285.0922944575643,1.0,0.9807236951979873,0.41353547016055486,False
member,New York,2026-02-04,1,3,411.0,259.5824219049092,283.18082389626454,1.0,0.9807236951979873,0.41353547016055486,False
member,New York,2026-02-04,1,4,401.0,245.42338071009596,300.1952717320315,1.0,0.9807236951979873,0.41353547016055486,False
control,New York,2026-02-04,1,1,337.0,277.5172074183393,306.77922588761993,1.0,0.9807236951979873,0.41353547016055486,False
control,New York,2026-02-04,1,2,327.0,250.14306110836702,348.3360117943964,1.0,0.9807236951979873,0.41353547016055486,False
control,New York,2026-02-04,1,3,411.0,226.54465911701166,384.2055828212566,1.0,0.9807236951979873,0.41353547016055486,False
control,New York,2026-02-04,1,4,401.0,201.05838496634783,436.12206720223844,1.0,0.9807236951979873,0.41353547016055486,False
member,New York,2026-02-04,2,1,337.0,287.81806618968585,315.1843741224757,1.0,0.9807236951979873,0.41353547016055486,False
member,New York,2026-02-04,2,2,327.0,276.49407670025556,309.52237937776056,1.0,0.9807236951979873,0.41353547016055486,False
member,New York,2026-02-04,2,3,411.0,264.22642142003946,327.4520294026917,1.0,0.9807236951979873,0.41353547016055486,False
member,New York,2026-02-04,2,4,401.0,251.95876613982335,363.3113294525543,1.0,0.9807236951979873,0.41353547016055486,False
control,New York,2026-02-04,2,1,337.0,278.34805189542953,333.07410955622584,1.0,0.9807236951979873,0.41353547016055486,False
control,New York,2026-02-04,2,2,327.0,254.75923393818974,409.54905737359695,1.0,0.9807236951979873,0.41353547016055486,False
control,New York,2026-02-04,2,3,411.0,231.17041598094994,485.92964991913965,1.0,0.9807236951979873,0.41353547016055486,False
control,New York,2026-02-04,2,4,401.0,207.58159802371017,592.5511070858636,1.0,0.9807236951979873,0.41353547016055486,False
member,New York,2026-03-04,0,1,325.0,351.8759068986799,370.55511572974325,1.0,0.9635091072050005,0.4160017953460297,False
member,New York,2026-03-04,0,2,303.0,333.1966980676165,369.545428765902,1.0,0.9635091072050005,0.4160017953460297,False
member,New York,2026-03-04,0,3,301.0,316.0320196823151,364.4969939466957,1.0,0.9635091072050005,0.4160017953460297,False
control,New York,2026-03-04,0,1,325.0,359.37621409468716,420.9547226895633,1.0,0.9635091072050005,0.4160017953460297,False
control,New York,2026-03-04,0,2,303.0,356.34776285231624,572.4025219017974,1.0,0.9635091072050005,0.4160017953460297,False
control,New York,2026-03-04,0,3,301.0,351.3003441150313,760.2169731161692,1.0,0.9635091072050005,0.4160017953460297,False
member,New York,2026-03-04,1,1,325.0,354.2208801012314,364.28397328592547,1.0,0.9635091072050005,0.4160017953460297,False
member,New York,2026-03-04,1,2,303.0,338.1199310057209,356.23349873817017,1.0,0.9635091072050005,0.4160017953460297,False
member,New York,2026-03-04,1,3,301.0,322.01898191021036,357.264965789601,1.0,0.9635091072050005,0.4160017953460297,False
control,New York,2026-03-04,1,1,325.0,362.0601567507622,419.38634823629957,1.0,0.9635091072050005,0.4160017953460297,False
control,New York,2026-03-04,1,2,303.0,362.0601567507622,556.1646296754764,1.0,0.9635091072050005,0.4160017953460297,False
control,New York,2026-03-04,1,3,301.0,360.0487114354802,738.2255737749391,1.0,0.9635091072050005,0.4160017953460297,False
member,New York,2026-03-04,2,1,325.0,347.48382740357806,347.4838274035781,1.0,0.9635091072050005,0.4160017953460297,False
member,New York,2026-03-04,2,2,303.0,326.7385242750063,344.3720319342923,1.0,0.9635091072050005,0.4160017953460297,False
member,New York,2026-03-04,2,3,301.0,309.1050166157202,319.47766818000616,1.0,0.9635091072050005,0.4160017953460297,False
control,New York,2026-03-04,2,1,325.0,353.7353345830978,394.21780212592853,1.0,0.9635091072050005,0.4160017953460297,False
control,New York,2026-03-04,2,2,303.0,341.287170316244,476.14228320716103,1.0,0.9635091072050005,0.4160017953460297,False
control,New York,2026-03-04,2,3,301.0,328.8390060493901,587.1643482621638,1.0,0.9635091072050005,0.4160017953460297,False
member,Pennsylvania,2026-01-07,0,1,873.0,1022.632827040077,1062.81901879553,1.0,1.11237829670386,0.42226490694442154,False
member,Pennsylvania,2026-01-07,0,2,882.0,1116.7531182567957,1196.0679704057159,1.0,1.11237829670386,0.42226490694442154,False
member,Pennsylvania,2026-01-07,0,3,734.0,1196.5967360867085,1376.958709873352,1.0,1.11237829670386,0.42226490694442154,False
member,Pennsylvania,2026-01-07,0,4,694.0,1225.6788485413126,1541.9600406271556,1.0,1.11237829670386,0.42226490694442154,False
control,Pennsylvania,2026-01-07,0,1,873.0,1051.6776103005857,1248.4704025701117,1.0,1.11237829670386,0.42226490694442154,False
control,Pennsylvania,2026-01-07,0,2,882.0,1230.4839645669829,1899.2091492656598,1.0,1.11237829670386,0.42226490694442154,False
control,Pennsylvania,2026-01-07,0,3,734.0,1373.317442827123,2617.555742337675,1.0,1.11237829670386,0.42226490694442154,False
control,Pennsylvania,2026-01-07,0,4,694.0,1466.4237101374363,3180.531251835603,1.0,1.11237829670386,0.42226490694442154,False
member,Pennsylvania,2026-01-07,1,1,873.0,1029.0320723867192,1062.823545665401,1.0,1.11237829670386,0.42226490694442154,False
member,Pennsylvania,2026-01-07,1,2,882.0,1129.1940056620658,1185.100179471805,1.0,1.11237829670386,0.42226490694442154,False
member,Pennsylvania,2026-01-07,1,3,734.0,1201.9431993041596,1361.1479564049737,1.0,1.11237829670386,0.42226490694442154,False
member,Pennsylvania,2026-01-07,1,4,694.0,1242.0079726142983,1561.524539762654,1.0,1.11237829670386,0.42226490694442154,False
control,Pennsylvania,2026-01-07,1,1,873.0,1066.9881734173769,1219.866913679748,1.0,1.11237829670386,0.42226490694442154,False
control,Pennsylvania,2026-01-07,1,2,882.0,1246.2253171732602,1865.2260648149008,1.0,1.11237829670386,0.42226490694442154,False
control,Pennsylvania,2026-01-07,1,3,734.0,1409.6474188330362,2659.141178039491,1.0,1.11237829670386,0.42226490694442154,False
control,Pennsylvania,2026-01-07,1,4,694.0,1505.592007549421,3231.645701918577,1.0,1.11237829670386,0.42226490694442154,False
member,Pennsylvania,2026-01-07,2,1,873.0,1026.8825565098841,1091.2208604226312,1.0,1.11237829670386,0.42226490694442154,False
member,Pennsylvania,2026-01-07,2,2,882.0,1120.7147408316291,1210.3561056850713,1.0,1.11237829670386,0.42226490694442154,False
member,Pennsylvania,2026-01-07,2,3,734.0,1190.298158418541,1379.0431786230401,1.0,1.11237829670386,0.42226490694442154,False
member,Pennsylvania,2026-01-07,2,4,694.0,1219.8183961826855,1614.1507865303336,1.0,1.11237829670386,0.42226490694442154,False
control,Pennsylvania,2026-01-07,2,1,873.0,1062.094450236127,1307.8949583071585,1.0,1.11237829670386,0.42226490694442154,False
control,Pennsylvania,2026-01-07,2,2,882.0,1235.0671313073533,1965.9821799802785,1.0,1.11237829670386,0.42226490694442154,False
control,Pennsylvania,2026-01-07,2,3,734.0,1380.0899584249971,2645.321837772819,1.0,1.11237829670386,0.42226490694442154,False
control,Pennsylvania,2026-01-07,2,4,694.0,1446.0094252966535,3079.810227817281,1.0,1.11237829670386,0.42226490694442154,False
member,Pennsylvania,2026-02-04,0,1,612.0,644.8709298583694,645.8045353712293,1.0,0.975339411588088,0.4216999966597206,False
member,Pennsylvania,2026-02-04,0,2,524.0,615.7242211642058,659.4442842054511,1.0,0.975339411588088,0.4216999966597206,False
member,Pennsylvania,2026-02-04,0,3,549.0,586.5775124700423,657.645385778233,1.0,0.975339411588088,0.4216999966597206,False
member,Pennsylvania,2026-02-04,0,4,501.0,542.8574494287968,717.7604724599454,1.0,0.975339411588088,0.4216999966597206,False
control,Pennsylvania,2026-02-04,0,1,612.0,633.6877443765845,717.4510669091217,1.0,0.975339411588088,0.4216999966597206,False
control,Pennsylvania,2026-02-04,0,2,524.0,591.806083110316,868.6119975989523,1.0,0.975339411588088,0.4216999966597206,False
control,Pennsylvania,2026-02-04,0,3,549.0,547.193009152769,995.2129758397049,1.0,0.975339411588088,0.4216999966597206,False
control,Pennsylvania,2026-02-04,0,4,501.0,496.66187436411906,1138.1113831384193,1.0,0.975339411588088,0.4216999966597206,False
member,Pennsylvania,2026-02-04,1,1,612.0,627.7642079864323,680.1558557468499,1.0,0.975339411588088,0.4216999966597206,False
member,Pennsylvania,2026-02-04,1,2,524.0,596.890558413329,671.7357694996399,1.0,0.975339411588088,0.4216999966597206,False
member,Pennsylvania,2026-02-04,1,3,549.0,547.3056060686481,676.4603734494628,1.0,0.975339411588088,0.4216999966597206,False
member,Pennsylvania,2026-02-04,1,4,501.0,493.04282803107276,726.0453257941435,1.0,0.975339411588088,0.4216999966597206,False
control,Pennsylvania,2026-02-04,1,1,612.0,613.730730907749,739.1198486057838,1.0,0.975339411588088,0.4216999966597206,False
control,Pennsylvania,2026-02-04,1,2,524.0,551.9834317615425,871.9467091555214,1.0,0.975339411588088,0.4216999966597206,False
control,Pennsylvania,2026-02-04,1,3,549.0,487.4294371995994,988.8923514778822,1.0,0.975339411588088,0.4216999966597206,False
control,Pennsylvania,2026-02-04,1,4,501.0,422.8754426376563,1096.5291206713823,1.0,0.975339411588088,0.4216999966597206,False
member,Pennsylvania,2026-02-04,2,1,612.0,634.2671714763393,676.883443837213,1.0,0.975339411588088,0.4216999966597206,False
member,Pennsylvania,2026-02-04,2,2,524.0,600.4704535801548,667.6009206342198,1.0,0.975339411588088,0.4216999966597206,False
member,Pennsylvania,2026-02-04,2,3,549.0,562.0440483009313,671.3046705406512,1.0,0.975339411588088,0.4216999966597206,False
member,Pennsylvania,2026-02-04,2,4,501.0,511.1174870875026,737.0462313798045,1.0,0.975339411588088,0.4216999966597206,False
control,Pennsylvania,2026-02-04,2,1,612.0,620.9826292060452,740.568127315463,1.0,0.975339411588088,0.4216999966597206,False
control,Pennsylvania,2026-02-04,2,2,524.0,563.518565010859,869.4220228757168,1.0,0.975339411588088,0.4216999966597206,False
control,Pennsylvania,2026-02-04,2,3,549.0,506.0545008156727,1040.8410337289386,1.0,0.975339411588088,0.4216999966597206,False
control,Pennsylvania,2026-02-04,2,4,501.0,446.7367571303191,1131.7176707343897,1.0,0.975339411588088,0.4216999966597206,False
member,Pennsylvania,2026-03-04,0,1,406.0,451.014055230851,458.74572474909417,1.0,0.9611774519998614,0.4192909246684611,False
member,Pennsylvania,2026-03-04,0,2,384.0,423.6954895997252,444.339047213434,1.0,0.9611774519998614,0.4192909246684611,False
member,Pennsylvania,2026-03-04,0,3,446.0,392.76881152675253,440.1897179053106,1.0,0.9611774519998614,0.4192909246684611,False
control,Pennsylvania,2026-03-04,0,1,406.0,438.12793936711245,500.0070677447851,1.0,0.9611774519998614,0.4192909246684611,False
control,Pennsylvania,2026-03-04,0,2,384.0,386.583475912158,573.20020585082,1.0,0.9611774519998614,0.4192909246684611,False
control,Pennsylvania,2026-03-04,0,3,446.0,341.22434807179815,674.2273542225311,1.0,0.9611774519998614,0.4192909246684611,False
member,Pennsylvania,2026-03-04,1,1,406.0,450.9751350225367,474.2569791568276,1.0,0.9611774519998614,0.4192909246684611,False
member,Pennsylvania,2026-03-04,1,2,384.0,427.71856976352694,464.1454290442147,1.0,0.9611774519998614,0.4192909246684611,False
member,Pennsylvania,2026-03-04,1,3,446.0,398.39507443694947,492.4324904842497,1.0,0.9611774519998614,0.4192909246684611,False
control,Pennsylvania,2026-03-04,1,1,406.0,441.20176971416885,521.9709724078382,1.0,0.9611774519998614,0.4192909246684611,False
control,Pennsylvania,2026-03-04,1,2,384.0,393.7498631316381,662.3327024639301,1.0,0.9611774519998614,0.4192909246684611,False
control,Pennsylvania,2026-03-04,1,3,446.0,355.3844918521452,814.7593321723896,1.0,0.9611774519998614,0.4192909246684611,False
member,Pennsylvania,2026-03-04,2,1,406.0,445.548040911603,447.6610029323192,1.0,0.9611774519998614,0.4192909246684611,False
member,Pennsylvania,2026-03-04,2,2,384.0,418.41865200363657,421.5750520592745,1.0,0.9611774519998614,0.4192909246684611,False
member,Pennsylvania,2026-03-04,2,3,446.0,385.02863488613934,416.3317759337929,1.0,0.9611774519998614,0.4192909246684611,False
control,Pennsylvania,2026-03-04,2,1,406.0,429.8964703877762,471.6339917846476,1.0,0.9611774519998614,0.4192909246684611,False
control,Pennsylvania,2026-03-04,2,2,384.0,375.6376925718433,508.1543230069102,1.0,0.9611774519998614,0.4192909246684611,False
control,Pennsylvania,2026-03-04,2,3,446.0,325.5526668955975,563.4565388577649,1.0,0.9611774519998614,0.4192909246684611,False
member,North Carolina,2026-01-07,0,1,222.0,240.97631423456977,287.97169501890494,1.0,1.0450643174033951,0.4056060175047467,False
member,North Carolina,2026-01-07,0,2,204.0,251.97523314154182,308.9696311140334,1.0,1.0450643174033951,0.4056060175047467,False
member,North Carolina,2026-01-07,0,3,173.0,263.9740537673295,348.9656998666592,1.0,1.0450643174033951,0.4056060175047467,False
member,North Carolina,2026-01-07,0,4,170.0,274.9729726743016,429.9577390907261,1.0,1.0450643174033951,0.4056060175047467,False
control,North Carolina,2026-01-07,0,1,222.0,259.97444689206696,360.9645204924468,1.0,1.0450643174033951,0.4056060175047467,False
control,North Carolina,2026-01-07,0,2,204.0,316.96884486455855,602.9907315317726,1.0,1.0450643174033951,0.4056060175047467,False
control,North Carolina,2026-01-07,0,3,173.0,376.9629479934971,950.9565296796156,1.0,1.0450643174033951,0.4056060175047467,False
control,North Carolina,2026-01-07,0,4,170.0,440.9566579976982,1356.8666324328262,1.0,1.0450643174033951,0.4056060175047467,False
member,North Carolina,2026-01-07,1,1,222.0,242.42900098915473,280.20917624576344,1.0,1.0450643174033951,0.4056060175047467,False
member,North Carolina,2026-01-07,1,2,204.0,255.34530022218345,307.0104971542984,1.0,1.0450643174033951,0.4056060175047467,False
member,North Carolina,2026-01-07,1,3,173.0,271.2422838936034,344.7658333739208,1.0,1.0450643174033951,0.4056060175047467,False
member,North Carolina,2026-01-07,1,4,170.0,282.17146016770465,420.2765058131657,1.0,1.0450643174033951,0.4056060175047467,False
control,North Carolina,2026-01-07,1,1,222.0,264.9529238940905,350.2935660472432,1.0,1.0450643174033951,0.4056060175047467,False
control,North Carolina,2026-01-07,1,2,204.0,328.4622389848088,613.2618238447487,1.0,1.0450643174033951,0.4056060175047467,False
control,North Carolina,2026-01-07,1,3,173.0,402.8872176067443,993.3253813407661,1.0,1.0450643174033951,0.4056060175047467,False
control,North Carolina,2026-01-07,1,4,170.0,483.26619451843465,1446.8712010628403,1.0,1.0450643174033951,0.4056060175047467,False
member,North Carolina,2026-01-07,2,1,222.0,240.56782065183248,281.6648233465205,1.0,1.0450643174033951,0.4056060175047467,False
member,North Carolina,2026-01-07,2,2,204.0,253.59857760380675,300.7348349627748,1.0,1.0450643174033951,0.4056060175047467,False
member,North Carolina,2026-01-07,2,3,173.0,265.6269686363984,355.8649605288198,1.0,1.0450643174033951,0.4056060175047467,False
member,North Carolina,2026-01-07,2,4,170.0,276.65299374960733,415.0045497723952,1.0,1.0450643174033951,0.4056060175047467,False
control,North Carolina,2026-01-07,2,1,222.0,257.5645051588663,353.7753708991432,1.0,1.0450643174033951,0.4056060175047467,False
control,North Carolina,2026-01-07,2,2,204.0,312.68531365589996,596.3069282860912,1.0,1.0450643174033951,0.4056060175047467,False
control,North Carolina,2026-01-07,2,3,173.0,372.817104743573,975.1873219643371,1.0,1.0450643174033951,0.4056060175047467,False
control,North Carolina,2026-01-07,2,4,170.0,437.9598784218855,1380.1248251139086,1.0,1.0450643174033951,0.4056060175047467,False
member,North Carolina,2026-02-04,0,1,158.0,154.34580578687977,179.1173548637864,1.0,0.9906115554966872,0.4011172112871904,False
member,North Carolina,2026-02-04,0,2,177.0,146.7237906862931,173.4008435383464,1.0,0.9906115554966872,0.4011172112871904,False
member,North Carolina,2026-02-04,0,3,215.0,137.19627181055978,176.2829179982554,1.0,0.9906115554966872,0.4011172112871904,False
member,North Carolina,2026-02-04,0,4,202.0,124.81049727210647,188.668692536709,1.0,0.9906115554966872,0.4011172112871904,False
control,North Carolina,2026-02-04,0,1,158.0,150.40220217131662,195.14209775392348,1.0,0.9906115554966872,0.4011172112871904,False
control,North Carolina,2026-02-04,0,2,177.0,136.12351209176126,231.3147792887971,1.0,0.9906115554966872,0.4011172112871904,False
control,North Carolina,2026-02-04,0,3,215.0,120.8929093402355,275.1027621994336,1.0,0.9906115554966872,0.4011172112871904,False
control,North Carolina,2026-02-04,0,4,202.0,105.66230658870978,309.37161839036645,1.0,0.9906115554966872,0.4011172112871904,False
member,North Carolina,2026-02-04,1,1,158.0,159.3205254364148,183.26465064651183,1.0,0.9906115554966872,0.4011172112871904,False
member,North Carolina,2026-02-04,1,2,177.0,156.5577417583267,191.55300168077616,1.0,0.9906115554966872,0.4011172112871904,False
member,North Carolina,2026-02-04,1,3,215.0,153.7949580802386,209.05063164200095,1.0,0.9906115554966872,0.4011172112871904,False
member,North Carolina,2026-02-04,1,4,202.0,148.72985467041036,241.28310788636233,1.0,0.9906115554966872,0.4011172112871904,False
control,North Carolina,2026-02-04,1,1,158.0,158.29184436160017,209.85173145670828,1.0,0.9906115554966872,0.4011172112871904,False
control,North Carolina,2026-02-04,1,2,177.0,153.69033725806528,266.8874120050235,1.0,0.9906115554966872,0.4011172112871904,False
control,North Carolina,2026-02-04,1,3,215.0,150.00913157523738,353.3957455514795,1.0,0.9906115554966872,0.4011172112871904,False
control,North Carolina,2026-02-04,1,4,202.0,144.4873230509955,450.97070368193647,1.0,0.9906115554966872,0.4011172112871904,False
member,North Carolina,2026-02-04,2,1,158.0,155.4617284390532,185.0519132539098,1.0,0.9906115554966872,0.4011172112871904,False
member,North Carolina,2026-02-04,2,2,177.0,150.6929637630086,186.93557530094736,1.0,0.9906115554966872,0.4011172112871904,False
member,North Carolina,2026-02-04,2,3,215.0,142.10918734612838,202.19562226429002,1.0,0.9906115554966872,0.4011172112871904,False
member,North Carolina,2026-02-04,2,4,202.0,132.5716579940392,233.66946912618425,1.0,0.9906115554966872,0.4011172112871904,False
control,North Carolina,2026-02-04,2,1,158.0,152.60046963342643,206.9882307637145,1.0,0.9906115554966872,0.4011172112871904,False
control,North Carolina,2026-02-04,2,2,177.0,141.15543441091947,266.09706892328734,1.0,0.9906115554966872,0.4011172112871904,False
control,North Carolina,2026-02-04,2,3,215.0,128.75664625320357,331.95370909946257,1.0,0.9906115554966872,0.4011172112871904,False
control,North Carolina,2026-02-04,2,4,202.0,117.31161103069657,413.9287738806692,1.0,0.9906115554966872,0.4011172112871904,False
member,North Carolina,2026-03-04,0,1,238.0,192.33103701433697,211.7687482019561,1.0,0.982379629495897,0.4056654195617317,False
member,North Carolina,2026-03-04,0,2,196.0,183.6352188514547,207.67659847824683,1.0,0.982379629495897,0.4056654195617317,False
member,North Carolina,2026-03-04,0,3,207.0,173.91636325764512,220.97608508030206,1.0,0.982379629495897,0.4056654195617317,False
control,North Carolina,2026-03-04,0,1,238.0,195.54080881282613,242.63440674680515,1.0,0.982379629495897,0.4056654195617317,False
control,North Carolina,2026-03-04,0,2,196.0,192.4694872084362,329.6551855378534,1.0,0.982379629495897,0.4056654195617317,False
control,North Carolina,2026-03-04,0,3,207.0,186.32684399965632,431.0087984827215,1.0,0.982379629495897,0.4056654195617317,False
member,North Carolina,2026-03-04,1,1,238.0,191.76358448840895,209.19663762371886,1.0,0.982379629495897,0.4056654195617317,False
member,North Carolina,2026-03-04,1,2,196.0,183.55979477767488,206.12021648219357,1.0,0.982379629495897,0.4056654195617317,False
member,North Carolina,2026-03-04,1,3,207.0,171.25411021157376,206.1202164821936,1.0,0.982379629495897,0.4056654195617317,False
control,North Carolina,2026-03-04,1,1,238.0,193.0623388838646,239.27406893585345,1.0,0.982379629495897,0.4056654195617317,False
control,North Carolina,2026-03-04,1,2,196.0,188.95462954591005,295.7550723327288,1.0,0.982379629495897,0.4056654195617317,False
control,North Carolina,2026-03-04,1,3,207.0,181.76613820448955,378.96185960967057,1.0,0.982379629495897,0.4056654195617317,False
member,North Carolina,2026-03-04,2,1,238.0,189.3826474563777,214.2197159752469,1.0,0.982379629495897,0.4056654195617317,False
member,North Carolina,2026-03-04,2,2,196.0,181.10362461675464,204.905815280671,1.0,0.982379629495897,0.4056654195617317,False
member,North Carolina,2026-03-04,2,3,207.0,168.68509035732004,204.93168722704445,1.0,0.982379629495897,0.4056654195617317,False
control,North Carolina,2026-03-04,2,1,238.0,191.38960794242774,240.0129137440175,1.0,0.982379629495897,0.4056654195617317,False
control,North Carolina,2026-03-04,2,2,196.0,185.18237741456522,308.34417647157,1.0,0.982379629495897,0.4056654195617317,False
control,North Carolina,2026-03-04,2,3,207.0,175.87153162277144,381.74467746354503,1.0,0.982379629495897,0.4056654195617317,False
