season,asof,location,origin_week,obs_peak_week,peak_after_origin,pw_prod,pw_member,pw_prod_lo,pw_prod_hi,pw_member_lo,pw_member_hi,r_star,r_star_raw,w_shrink,g_raw,clipped,reff_prod_med,err_prod,err_member
2023-24,2023-09-23,Alaska,7.0,13.0,True,11.0,13.0,8.0,36.0,8.0,35.0,1.0,1.0,0.13043478260869565,0.0,False,0.9773162526878971,-2.0,0.0
2023-24,2023-09-23,California,7.0,21.0,True,12.0,14.0,8.0,35.0,8.0,34.0,1.0341691542038187,1.0341691542038187,0.3424687448818038,0.21825356602001778,False,1.0216057123656834,-9.0,-7.0
2023-24,2023-09-23,New York,7.0,22.0,True,15.0,15.0,8.0,37.0,8.0,34.0,1.0506661476195611,1.0506661476195611,0.24118476727785612,0.4595323293784399,False,0.9438636185475264,-7.0,-7.0
2023-24,2023-09-23,Pennsylvania,7.0,21.0,True,13.0,15.0,8.0,36.0,8.0,34.0,1.0032155896061992,1.0032155896061992,0.3481762198010421,0.020202707317519497,False,0.9610497081827093,-8.0,-6.0
2023-24,2023-09-23,Vermont,7.0,30.0,True,16.0,18.0,8.0,37.0,8.0,37.0,1.0,1.0,0.0,0.0,False,0.7200651127288018,-14.0,-12.0
2023-24,2023-09-23,Wyoming,7.0,22.0,True,8.0,19.0,8.0,37.0,8.0,37.0,1.0,1.0,0.0,0.0,False,0.48333662949517975,-14.0,-3.0
2023-24,2023-09-30,Alaska,8.0,13.0,True,13.0,15.0,9.0,36.0,9.0,35.0,1.01154035348498,1.01154035348498,0.13846153846153847,0.18232155679395468,False,0.9881897547190119,0.0,2.0
2023-24,2023-09-30,California,8.0,21.0,True,15.0,17.0,9.0,37.0,9.0,37.0,0.9870282932420786,0.9870282932420786,0.34740808734721484,-0.0816780310142673,False,0.9703035866208487,-6.0,-4.0
2023-24,2023-09-30,New York,8.0,22.0,True,12.0,13.0,9.0,34.0,9.0,34.0,1.1278840458375796,1.1278840458375796,0.3018534863195057,0.9267620317414509,False,1.1693820392497873,-10.0,-9.0
2023-24,2023-09-30,Pennsylvania,8.0,21.0,True,15.0,17.0,9.0,38.0,9.0,38.0,1.0263736386748792,1.0263736386748792,0.3549883990719257,0.1625189294977747,False,1.011991723205016,-6.0,-4.0
2023-24,2023-09-30,Vermont,8.0,30.0,True,16.0,18.0,9.0,38.0,9.0,37.99999999999556,1.0,1.0,0.03448275862068965,0.0,False,0.9014747481912015,-14.0,-12.0
2023-24,2023-09-30,Wyoming,8.0,22.0,True,14.0,17.0,9.0,37.0,9.0,35.0,1.0,1.0,0.0,0.0,False,1.0842290949486517,-8.0,-5.0
2023-24,2023-10-07,Alaska,9.0,13.0,True,13.0,15.0,10.0,37.0,10.0,36.0,1.030703054636762,1.030703054636762,0.1656441717791411,0.4054651081081646,False,1.0669006546940492,0.0,2.0
2023-24,2023-10-07,California,9.0,21.0,True,15.0,17.0,10.0,39.0,10.0,39.0,0.9931765391798412,0.9931765391798412,0.3432512848255342,-0.04348511193973881,False,0.9530149790161586,-6.0,-4.0
2023-24,2023-10-07,New York,9.0,22.0,True,14.0,16.0,10.0,36.0,10.0,36.0,0.9599570245420106,0.9599570245420106,0.3365336028297119,-0.2602830982636668,False,1.0372705095161199,-8.0,-6.0
2023-24,2023-10-07,Pennsylvania,9.0,21.0,True,18.0,20.0,10.0,38.0,10.0,37.0,0.9395758415928761,0.9395758415928761,0.34713076199435555,-0.38077249551779246,False,0.9413822005283546,-3.0,-1.0
2023-24,2023-10-07,Vermont,9.0,30.0,True,19.0,20.0,10.0,39.0,10.0,39.0,1.0,1.0,0.0,0.0,False,0.8130120174000647,-11.0,-10.0
2023-24,2023-10-07,Wyoming,9.0,22.0,True,12.0,13.0,10.0,21.0,10.0,20.0,1.0447525232159003,1.0447525232159003,0.0891089108910891,1.0986122886681096,False,1.4015818350926712,-10.0,-9.0
2023-24,2023-10-14,Alaska,10.0,13.0,True,14.0,16.0,11.0,36.0,11.0,34.0,1.0333003450676663,1.0333003450676663,0.2164948453608247,0.3364722366212125,False,1.114238272351336,1.0,3.0
2023-24,2023-10-14,California,10.0,21.0,True,15.0,16.0,11.0,37.0,11.0,36.0,1.0667900707553717,1.0667900707553717,0.35389360061680797,0.41284521540578734,False,1.0511069395940733,-6.0,-5.0
2023-24,2023-10-14,New York,10.0,22.0,True,19.0,20.0,11.0,40.0,11.0,39.0,0.9496993430035514,0.9496993430035514,0.3118651393991787,-0.3528213746227422,False,0.927750946820778,-3.0,-2.0
2023-24,2023-10-14,Pennsylvania,10.0,21.0,True,20.0,21.0,11.0,40.0,11.0,40.0,1.0037016246786203,1.0037016246786203,0.33602185508000515,0.02409755157906046,False,0.9609688704713024,-1.0,0.0
2023-24,2023-10-14,Vermont,10.0,30.0,True,21.0,22.0,11.0,40.0,11.0,40.0,1.0,1.0,0.0,0.0,False,0.7775985653610566,-9.0,-8.0
2023-24,2023-10-14,Wyoming,10.0,22.0,True,13.0,11.0,11.0,30.0,11.0,29.0,0.9765042351840741,0.9765042351840741,0.12676056338028172,-0.4054651081081644,False,1.1468159613418711,-9.0,-11.0
2023-24,2023-10-21,Alaska,11.0,13.0,True,15.0,16.0,12.0,35.0,12.0,35.0,1.0472769032935836,1.0472769032935836,0.25506072874493924,0.4054651081081646,False,1.1392882282898968,2.0,3.0
2023-24,2023-10-21,California,11.0,21.0,True,19.0,21.0,12.0,40.0,12.0,40.0,0.9472876143080444,0.9472876143080444,0.3580076098235904,-0.3220834991691137,False,0.9642064127421242,-2.0,0.0
2023-24,2023-10-21,New York,11.0,22.0,True,17.0,18.0,12.0,39.0,12.0,37.0,1.0503006569964486,1.0503006569964486,0.3118651393991787,0.3528213746227422,False,0.9938521031010507,-5.0,-4.0
2023-24,2023-10-21,Pennsylvania,11.0,21.0,True,20.0,22.0,12.0,39.0,12.0,39.0,1.0071995803386096,1.0071995803386096,0.33854421104054716,0.04652001563489261,False,1.0060101726698494,-1.0,1.0
2023-24,2023-10-21,Vermont,11.0,30.0,True,17.0,20.0,12.0,39.0,12.0,39.0,1.0,1.0,0.0,0.0,False,1.1260836555109337,-13.0,-10.0
2023-24,2023-10-21,Wyoming,11.0,22.0,True,14.0,15.0,12.0,31.0,12.0,28.0,1.0122410176720937,1.0122410176720937,0.12,0.2231435513142097,False,1.0740602455620065,-8.0,-7.0
2023-24,2023-10-28,Alaska,12.0,13.0,True,16.0,15.0,13.0,37.0,13.0,36.0,1.047777852955514,1.047777852955514,0.29302325581395344,0.35667494393873245,False,1.136296279387308,3.0,2.0
2023-24,2023-10-28,California,12.0,21.0,True,17.0,19.0,13.0,39.0,13.0,37.0,1.0590284886280852,1.0590284886280852,0.36004642016698357,0.3586338084240652,False,1.0332532823890137,-4.0,-2.0
2023-24,2023-10-28,New York,12.0,22.0,True,18.0,19.0,13.0,41.0,13.0,40.0,1.0333598487146993,1.0333598487146993,0.3351713272942103,0.21772348384487072,False,1.0309864849669386,-4.0,-3.0
2023-24,2023-10-28,Pennsylvania,12.0,21.0,True,22.0,24.0,13.0,40.0,14.0,38.0,1.0236927044989863,1.0236927044989863,0.3436334576451785,0.15082288973458358,False,1.0467836320566164,1.0,3.0
2023-24,2023-10-28,Vermont,12.0,30.0,True,20.0,22.0,13.0,42.0,13.0,42.0,1.0,1.0,0.0,0.0,False,1.0000576834397605,-10.0,-8.0
2023-24,2023-10-28,Wyoming,12.0,22.0,True,13.0,17.0,13.0,36.0,13.0,32.0,1.0,1.0,0.0,0.0,False,0.7530390181004868,-9.0,-5.0
2023-24,2023-11-04,Alaska,13.0,13.0,False,16.0,14.0,14.0,36.0,14.0,36.0,1.009235823149128,1.009235823149128,0.3130434782608695,0.06453852113757108,False,1.0647816941115222,3.0,1.0
2023-24,2023-11-04,California,13.0,21.0,True,20.0,22.0,14.0,34.0,14.0,32.0,1.0439428926342222,1.0439428926342222,0.37809665628807365,0.25423413838424125,False,1.1261672253051114,-1.0,1.0
2023-24,2023-11-04,New York,13.0,22.0,True,19.0,21.0,14.0,42.0,14.0,40.0,1.0276131142534923,1.0276131142534923,0.3514902363823227,0.17185025692665912,False,1.0672164465793055,-3.0,-1.0
2023-24,2023-11-04,Pennsylvania,13.0,21.0,True,23.0,24.0,14.0,41.0,14.0,42.0,0.9613912455709479,0.9613912455709479,0.33991865194654264,-0.24846135929849966,False,1.0018596428071511,2.0,3.0
2023-24,2023-11-04,Vermont,13.0,30.0,True,23.0,24.0,14.0,43.0,14.0,43.0,1.0,1.0,0.0,0.0,False,0.9362928560341727,-7.0,-6.0
2023-24,2023-11-04,Wyoming,13.0,22.0,True,14.0,20.0,14.0,41.0,14.0,40.0,1.0,1.0,0.0,0.0,False,0.7274258518245158,-8.0,-2.0
2023-24,2023-11-11,Alaska,14.0,13.0,False,18.0,17.0,15.0,38.0,15.0,37.0,1.0248006756164805,1.0248006756164805,0.3247539742619227,0.16705408466316607,False,1.047824861645104,5.0,4.0
2023-24,2023-11-11,California,14.0,21.0,True,19.0,20.0,16.0,33.0,17.0,32.0,1.1483946811747399,1.1483946811747399,0.39597627631119897,0.8197798314933111,False,1.2972472094693472,-2.0,-1.0
2023-24,2023-11-11,New York,14.0,22.0,True,19.0,21.0,15.0,38.0,15.0,36.0,1.0730222795228084,1.0730222795228084,0.36781384434884623,0.4342855466436566,False,1.1595135406022488,-3.0,-1.0
2023-24,2023-11-11,Pennsylvania,14.0,21.0,True,21.0,22.0,16.0,42.0,18.0,39.0,1.1197150459167884,1.1197150459167884,0.3523837508264159,0.743157601134607,False,1.1520261663399982,0.0,1.0
2023-24,2023-11-11,Vermont,14.0,30.0,True,21.0,24.0,15.0,41.0,15.0,44.0,1.0,1.0,0.0,0.0,False,1.1387294174200908,-9.0,-6.0
2023-24,2023-11-11,Wyoming,14.0,22.0,True,17.0,19.0,15.0,33.0,15.0,28.0,1.0401314388554996,1.0401314388554996,0.05454545454545454,1.6094379124341003,False,1.0334317639825756,-5.0,-3.0
2023-24,2023-11-18,Alaska,15.0,13.0,False,21.0,25.0,16.0,42.0,16.0,42.0,0.890277557808521,0.890277557808521,0.28905682313617204,-0.8303483020734301,False,0.8856352756309693,8.0,12.0
2023-24,2023-11-18,California,15.0,21.0,True,20.0,20.0,17.0,23.0,17.0,24.0,1.0903110151609479,1.0903110151609479,0.41157521453127954,0.4799981599707319,False,1.2524925789304329,-1.0,-1.0
2023-24,2023-11-18,New York,15.0,22.0,True,20.0,22.0,16.0,38.0,16.0,37.0,1.0516204653263814,1.0516204653263814,0.3849347568208778,0.29334780998745824,False,1.1494629593702548,-2.0,0.0
2023-24,2023-11-18,Pennsylvania,15.0,21.0,True,22.0,24.0,16.0,39.0,16.0,40.0,1.01415396770707,1.01415396770707,0.37796498981459103,0.0819171224678863,False,1.1321981213819365,1.0,3.0
2023-24,2023-11-18,Vermont,15.0,30.0,True,19.0,22.0,16.0,31.0,16.0,32.0,1.0359036368407832,1.0359036368407832,0.08571428571428572,0.916290731874155,False,1.3186379755090938,-11.0,-8.0
2023-24,2023-11-18,Wyoming,15.0,22.0,True,18.0,18.0,16.0,32.0,16.0,27.0,1.032228820291136,1.032228820291136,0.15,0.47000362924573547,False,1.076327661415011,-4.0,-4.0
2023-24,2023-11-25,Alaska,16.0,13.0,False,25.0,26.0,17.0,44.0,17.0,43.0,0.9781925247372579,0.9781925247372579,0.245698554714384,-0.19415601444095776,False,0.8578656269850259,12.0,13.0
2023-24,2023-11-25,California,16.0,21.0,True,21.0,20.0,17.0,29.0,17.0,33.0,1.0314570875678377,1.0314570875678377,0.416227451562616,0.16532398042538343,False,1.1684713668356006,0.0,-1.0
2023-24,2023-11-25,New York,16.0,22.0,True,21.0,23.0,17.0,35.0,17.0,35.0,1.0521244424046439,1.0521244424046439,0.3963480128893663,0.2876820724517817,False,1.1663588783669383,-1.0,1.0
2023-24,2023-11-25,Pennsylvania,16.0,21.0,True,22.0,24.0,18.0,35.0,18.0,35.0,1.0599584210372672,1.0599584210372672,0.38612830450627633,0.33967736757016187,False,1.1537615889948354,1.0,3.0
2023-24,2023-11-25,Vermont,16.0,30.0,True,21.0,24.0,17.0,38.0,17.0,38.0,0.9752743227488059,0.9752743227488059,0.10588235294117648,-0.5108256237659905,False,1.1670031798652016,-9.0,-6.0
2023-24,2023-11-25,Wyoming,16.0,22.0,True,18.0,18.0,17.0,23.0,17.0,22.0,1.0976040111925807,1.0976040111925807,0.22755588127519236,0.9382696385929301,False,1.2307310723014704,-4.0,-4.0
2023-24,2023-12-02,Alaska,17.0,13.0,False,25.0,26.0,18.0,45.0,18.0,43.0,1.007555112923286,1.007555112923286,0.23954372623574144,0.06899287148695166,False,0.9044225066694815,12.0,13.0
2023-24,2023-12-02,California,17.0,21.0,True,21.0,22.0,18.0,37.0,18.0,40.0,1.064896808167464,1.064896808167464,0.41901283148174795,0.3388005263808038,False,1.1334365805892679,0.0,1.0
2023-24,2023-12-02,New York,17.0,22.0,True,21.0,22.0,18.0,33.0,19.0,33.0,1.1247256135501384,1.1247256135501384,0.4087197427221514,0.6675412296547742,False,1.2355138804384946,-1.0,0.0
2023-24,2023-12-02,Pennsylvania,17.0,21.0,True,21.0,22.0,19.0,29.0,19.0,26.0,1.1091543436891382,1.1091543436891382,0.40020215791824354,0.5966362801791014,False,1.218965199390386,0.0,1.0
2023-24,2023-12-02,Vermont,17.0,30.0,True,22.0,25.0,18.0,39.0,18.0,37.0,1.0,1.0,0.08910891089108912,0.0,False,1.0904039652206938,-8.0,-5.0
2023-24,2023-12-02,Wyoming,17.0,22.0,True,18.0,18.0,18.0,30.0,18.0,26.0,1.0110601100887555,1.0110601100887555,0.2901597981497056,0.08338160893905089,False,1.0689058047138995,-4.0,-4.0
2023-24,2023-12-09,Alaska,18.0,13.0,False,25.0,28.0,19.0,46.0,19.0,44.0,0.9680256813255268,0.9680256813255268,0.2255125284738041,-0.3101549283038394,False,0.9070973371176647,12.0,15.0
2023-24,2023-12-09,California,18.0,21.0,True,22.0,21.0,19.0,35.0,19.0,33.0,1.0428800900180923,1.0428800900180923,0.42206029103554904,0.2222435962512197,False,1.113237999018512,1.0,0.0
2023-24,2023-12-09,New York,18.0,22.0,True,21.0,21.0,19.0,25.0,19.0,25.0,1.0822363798996866,1.0822363798996866,0.4171723957325196,0.43121760421057864,False,1.196405930103796,-1.0,-1.0
2023-24,2023-12-09,Pennsylvania,18.0,21.0,True,22.0,22.0,19.0,34.0,19.0,37.0,1.0489649418487061,1.0489649418487061,0.4103645090154364,0.26101382536961903,False,1.1653906986059268,1.0,1.0
2023-24,2023-12-09,Vermont,18.0,30.0,True,22.0,24.0,19.0,36.0,19.0,33.0,1.0530975234713116,1.0530975234713116,0.11842105263157895,0.980829253011726,False,1.1498217768278378,-8.0,-6.0
2023-24,2023-12-09,Wyoming,18.0,22.0,True,19.0,19.0,19.0,22.0,19.0,22.0,1.1000633523815861,1.1000633523815861,0.3157894736842105,0.6931471805599454,False,1.046763725487248,-3.0,-3.0
2023-24,2023-12-16,Alaska,19.0,13.0,False,30.0,32.0,20.0,49.0,20.0,47.0,0.9134782410247804,0.9134782410247804,0.1510791366906475,-1.2527629684953678,False,0.8467145806011689,17.0,19.0
2023-24,2023-12-16,California,19.0,21.0,True,23.0,23.0,20.0,40.0,20.0,40.0,1.0354144060358292,1.0354144060358292,0.4229364965966748,0.18316937371629383,False,1.093113696948834,2.0,2.0
2023-24,2023-12-16,New York,19.0,22.0,True,22.0,21.0,20.0,31.0,20.0,28.0,1.0690622425844172,1.0690622425844172,0.42055356605175703,0.35922571545813575,False,1.1483621061472076,0.0,-1.0
2023-24,2023-12-16,Pennsylvania,19.0,21.0,True,23.0,22.0,20.0,34.0,20.0,35.0,1.061992669497821,1.061992669497821,0.4142291631704163,0.32737667113672764,False,1.1328857700829196,2.0,1.0
2023-24,2023-12-16,Vermont,19.0,30.0,True,23.0,24.0,20.0,36.0,20.0,36.0,1.0,1.0,0.17647058823529413,0.0,False,1.129986311015862,-7.0,-6.0
2023-24,2023-12-16,Wyoming,19.0,22.0,True,20.0,20.0,20.0,33.0,20.0,27.0,1.0032692475816527,1.0032692475816527,0.3468344475029493,0.020619287202735315,False,0.9493619360394542,-2.0,-2.0
2023-24,2023-12-23,Alaska,20.0,13.0,False,27.0,33.0,21.0,50.0,21.0,50.0,0.9743080581722955,0.9743080581722955,0.08108108108108107,-0.6931471805599453,False,0.7841361725019892,14.0,20.0
2023-24,2023-12-23,California,20.0,21.0,True,24.0,24.0,21.0,35.0,22.0,28.0,1.097737824405329,1.097737824405329,0.42462714924489314,0.5035040535369832,False,1.1376105510215853,3.0,3.0
2023-24,2023-12-23,New York,20.0,22.0,True,23.0,22.0,21.0,34.0,21.0,33.0,1.0406574174161967,1.0406574174161967,0.4226866460547629,0.21041142753870545,False,1.1061752543204737,1.0,0.0
2023-24,2023-12-23,Pennsylvania,20.0,21.0,True,23.0,23.0,21.0,31.0,21.0,27.0,1.1118723859159532,1.1118723859159532,0.4191496551312886,0.5838507587808808,False,1.1848982726676647,2.0,2.0
2023-24,2023-12-23,Vermont,20.0,30.0,True,24.0,23.0,21.0,35.0,21.0,32.0,1.0362652022158856,1.0362652022158856,0.19565217391304346,0.4054651081081646,False,1.1239811990247501,-6.0,-7.0
2023-24,2023-12-23,Wyoming,20.0,22.0,True,21.0,21.0,21.0,40.0,21.0,38.0,0.9264612788431139,0.9264612788431139,0.3278810408921933,-0.490622916448471,False,0.8384230190375981,-1.0,-1.0
2023-24,2023-12-30,Alaska,21.0,13.0,False,31.0,32.0,22.0,51.0,22.0,49.0,1.01154035348498,1.01154035348498,0.13846153846153847,0.18232155679395468,False,0.9393892826472121,18.0,19.0
2023-24,2023-12-30,California,21.0,21.0,False,24.0,22.0,22.0,41.0,22.0,42.0,1.004294771705341,1.004294771705341,0.4256693202008049,0.022070684119309902,False,1.069512343599014,3.0,1.0
2023-24,2023-12-30,New York,21.0,22.0,True,23.0,23.0,22.0,36.0,22.0,28.0,1.0683890481371567,1.0683890481371567,0.4241527044410846,0.3527056204844028,False,1.0812592071786176,1.0,1.0
2023-24,2023-12-30,Pennsylvania,21.0,21.0,False,24.0,23.0,22.0,30.0,22.0,28.0,1.0636260091084846,1.0636260091084846,0.42274573559587575,0.3292331139156923,False,1.151986523688487,3.0,2.0
2023-24,2023-12-30,Vermont,21.0,30.0,True,24.0,24.0,22.0,36.0,22.0,32.0,1.0506661476195611,1.0506661476195611,0.24118476727785612,0.4595323293784399,False,1.134551976185286,-6.0,-6.0
2023-24,2023-12-30,Wyoming,21.0,22.0,True,22.0,23.0,22.0,35.0,22.0,26.0,1.1440284315201106,1.1440284315201106,0.3363284923205516,0.936769263217696,False,0.9866990695977619,0.0,1.0
2023-24,2024-01-06,Alaska,22.0,13.0,False,33.0,34.0,23.0,52.0,23.0,52.0,1.0,1.0,0.11111111111111112,0.0,False,0.9342111067729248,20.0,21.0
2023-24,2024-01-06,California,22.0,21.0,False,24.0,23.0,23.0,42.0,23.0,42.0,0.9584945072551521,0.9584945072551521,0.42544109449178763,-0.21340972123958135,False,0.9803502498736631,3.0,2.0
2023-24,2024-01-06,New York,22.0,22.0,False,24.0,23.0,23.0,39.0,23.0,38.0,0.9891617956451092,0.9891617956451092,0.42485778804956065,-0.05580354813587185,False,1.0239069096204374,2.0,1.0
2023-24,2024-01-06,Pennsylvania,22.0,21.0,False,24.0,23.0,23.0,43.0,23.0,44.0,0.9400316147138841,0.9400316147138841,0.4230719767099282,-0.31006743541258075,False,1.0126958154709422,3.0,2.0
2023-24,2024-01-06,Vermont,22.0,30.0,True,25.0,23.0,23.0,40.0,23.0,40.0,0.9724607325193215,0.9724607325193215,0.2548435171385991,-0.2363887780642302,False,1.0524627112111087,-5.0,-7.0
2023-24,2024-01-06,Wyoming,22.0,22.0,False,23.0,23.0,23.0,29.0,23.0,27.0,1.0274442165935362,1.0274442165935362,0.3755690440060698,0.15984870094189674,False,0.9865508843869087,1.0,1.0
2023-24,2024-01-13,Alaska,23.0,13.0,False,29.0,32.0,24.0,46.0,25.0,41.0,1.050031676190793,1.050031676190793,0.15789473684210525,0.6931471805599456,False,1.133420711924234,16.0,19.0
2023-24,2024-01-13,California,23.0,21.0,False,24.0,24.0,24.0,50.0,24.0,50.0,0.9385318162026556,0.9385318162026556,0.42448102797104337,-0.3167671655418802,False,0.9066957430341723,3.0,3.0
2023-24,2024-01-13,New York,23.0,22.0,False,24.0,24.0,24.0,44.0,24.0,42.0,0.9438712752387842,0.9438712752387842,0.4240398738087875,-0.28955198083689027,False,0.9245441708081199,2.0,2.0
2023-24,2024-01-13,Pennsylvania,23.0,21.0,False,24.0,24.0,24.0,46.0,24.0,45.0,0.962420219145709,0.962420219145709,0.42156802191072995,-0.19500001505372566,False,0.9173539749128388,3.0,3.0
2023-24,2024-01-13,Vermont,23.0,30.0,True,25.0,25.0,24.0,41.0,24.0,34.0,1.051395700748115,1.051395700748115,0.2630241423125794,0.4274440148269396,False,1.0408269496878364,-5.0,-5.0
2023-24,2024-01-13,Wyoming,23.0,22.0,False,24.0,24.0,24.0,37.0,24.0,35.0,0.9321081679446795,0.9321081679446795,0.36627906976744184,-0.4054651081081637,False,0.8649970484046883,2.0,2.0
2023-24,2024-01-20,Alaska,24.0,13.0,False,31.0,33.0,25.0,47.0,25.0,46.0,1.030703054636762,1.030703054636762,0.1656441717791411,0.4054651081081646,False,1.1133015531867962,18.0,20.0
2023-24,2024-01-20,California,24.0,21.0,False,30.0,33.0,25.0,49.0,25.0,46.0,1.0013200461883398,1.0013200461883398,0.42385694143039304,0.006812678417507101,False,0.9347997867332654,9.0,12.0
2023-24,2024-01-20,New York,24.0,22.0,False,25.0,25.0,25.0,50.0,25.0,51.0,0.9636986066682001,0.9636986066682001,0.42307219373178157,-0.1876968023184622,False,0.9042290222119056,3.0,3.0
2023-24,2024-01-20,Pennsylvania,24.0,21.0,False,25.0,25.0,25.0,48.0,25.0,45.0,0.9572301792179856,0.9572301792179856,0.41927710843373495,-0.2231435513142097,False,0.9045249278344054,4.0,4.0
2023-24,2024-01-20,Vermont,24.0,30.0,True,26.0,25.0,25.0,41.0,25.0,39.0,1.010756636666537,1.010756636666537,0.2939698492462311,0.08004270767353638,False,1.0278560748750887,-4.0,-5.0
2023-24,2024-01-20,Wyoming,24.0,22.0,False,25.0,25.0,25.0,42.0,25.0,45.0,0.8709063531950297,0.8709063531950297,0.3173455978975033,-0.889857474806,False,0.7537595946135885,3.0,3.0
2023-24,2024-01-27,Alaska,25.0,13.0,False,32.0,35.0,26.0,53.0,26.0,55.0,0.9692969453632381,0.9692969453632381,0.1656441717791411,-0.4054651081081646,False,1.054012876057804,19.0,22.0
2023-24,2024-01-27,California,25.0,21.0,False,26.0,26.0,26.0,54.0,26.0,55.0,0.9205240144597139,0.9205240144597139,0.4227663844250041,-0.4112288128249144,False,0.8822571692061522,5.0,5.0
2023-24,2024-01-27,New York,25.0,22.0,False,26.0,28.0,26.0,46.0,26.0,41.0,1.016499732771029,1.016499732771029,0.42283539486203614,0.08535984895115689,False,0.9475759797149387,4.0,6.0
2023-24,2024-01-27,Pennsylvania,25.0,21.0,False,31.0,34.0,26.0,47.0,26.0,42.0,0.9800787082487046,0.9800787082487046,0.4174839356617068,-0.10438204199854617,False,0.9186222902711931,10.0,13.0
2023-24,2024-01-27,Vermont,25.0,30.0,True,26.0,26.0,26.0,44.0,26.0,42.0,0.9719529487367263,0.9719529487367263,0.2872676253945984,-0.21357410029805912,False,0.9711112640361836,-4.0,-4.0
2023-24,2024-01-27,Wyoming,25.0,22.0,False,26.0,28.0,26.0,44.0,26.0,44.0,1.0779256763974496,1.0779256763974496,0.30803571428571425,0.5533852381847866,False,0.868198618723999,4.0,6.0
2023-24,2024-02-03,Alaska,26.0,13.0,False,33.0,35.0,27.0,54.0,27.0,56.0,1.0109079596536241,1.0109079596536241,0.1547911547911548,0.15415067982725827,False,1.0408935179884953,20.0,22.0
2023-24,2024-02-03,California,26.0,21.0,False,36.0,38.0,27.0,53.0,27.0,51.0,0.939286875463856,0.939286875463856,0.4205340067023313,-0.31581265202369835,False,0.8861335148723548,15.0,17.0
2023-24,2024-02-03,New York,26.0,22.0,False,27.0,27.0,27.0,49.0,27.0,47.0,0.9599207157633189,0.9599207157633189,0.42241782217881696,-0.20755145655437346,False,0.9415441231889461,5.0,5.0
2023-24,2024-02-03,Pennsylvania,26.0,21.0,False,27.0,30.0,27.0,49.0,27.0,55.0,1.0152355986129569,1.0152355986129569,0.4173568726394341,0.07985461400233351,False,0.9553023241743498,6.0,9.0
2023-24,2024-02-03,Vermont,26.0,30.0,True,27.0,27.0,27.0,45.0,27.0,42.0,0.9672998287852657,0.9672998287852657,0.2630480167014614,-0.27193371548364187,False,0.9235121059685102,-3.0,-3.0
2023-24,2024-02-03,Wyoming,26.0,22.0,False,27.0,27.0,27.0,43.0,27.0,39.0,1.0,1.0,0.33333333333333326,0.0,False,0.9214754929462886,5.0,5.0
2023-24,2024-02-10,Alaska,27.0,13.0,False,33.0,34.0,28.0,51.0,28.0,55.0,1.027930825586476,1.027930825586476,0.19186046511627905,0.3184537311185349,False,1.0848612786534955,20.0,21.0
2023-24,2024-02-10,California,27.0,21.0,False,28.0,40.0,28.0,57.0,28.0,57.0,0.9456369287379756,0.9456369287379756,0.4179753766565329,-0.2845124976905016,False,0.8780470304818347,7.0,19.0
2023-24,2024-02-10,New York,27.0,22.0,False,29.0,28.0,28.0,51.0,28.0,56.0,1.0007507144734051,1.0007507144734051,0.4223154588606472,0.003888533739693223,False,0.9642779493468461,7.0,6.0
2023-24,2024-02-10,Pennsylvania,27.0,21.0,False,30.0,28.0,28.0,50.0,28.0,52.0,0.987844309795315,0.987844309795315,0.4177108020860631,-0.06365785177197747,False,0.9781147880673666,9.0,7.0
2023-24,2024-02-10,Vermont,27.0,30.0,True,28.0,29.0,28.0,52.0,28.0,55.0,1.0128757405273496,1.0128757405273496,0.26732673267326734,0.10536051565782634,False,0.9431613799985056,-2.0,-1.0
2023-24,2024-02-10,Wyoming,27.0,22.0,False,28.0,28.0,28.0,41.0,28.0,40.0,0.9623730488643215,0.9623730488643215,0.32291666666666663,-0.25489224962879,False,0.9211666326853056,6.0,6.0
2023-24,2024-02-17,Alaska,28.0,13.0,False,35.0,29.0,29.0,54.0,29.0,57.0,0.9236874105382036,0.9236874105382036,0.09792284866468842,-1.7047480922384253,False,0.9492586837743152,22.0,16.0
2023-24,2024-02-17,California,28.0,21.0,False,29.0,38.0,29.0,57.0,29.0,58.0,0.9556443420528142,0.9556443420528142,0.41555986571715475,-0.2334874220637797,False,0.9010836442340521,8.0,17.0
2023-24,2024-02-17,New York,28.0,22.0,False,32.0,34.0,29.0,48.0,29.0,44.0,1.0218073051548437,1.0218073051548437,0.42206733225835075,0.11302338840339576,False,0.9925625770644145,10.0,12.0
2023-24,2024-02-17,Pennsylvania,28.0,21.0,False,33.0,33.0,29.0,47.0,29.0,48.0,1.0293423523186587,1.0293423523186587,0.41819900214348554,0.15348290016972221,False,1.0296780794099187,12.0,12.0
2023-24,2024-02-17,Vermont,28.0,30.0,True,29.0,29.0,29.0,47.0,29.0,52.99999999999556,1.0061360555811338,1.0061360555811338,0.27510917030567683,0.04879016416943216,False,0.9662035045972038,-1.0,-1.0
2023-24,2024-02-17,Wyoming,28.0,22.0,False,29.0,30.0,29.0,41.0,29.0,37.0,1.0432547131242165,1.0432547131242165,0.3289036544850498,0.2876820724517808,False,0.9744170057610585,7.0,8.0
2023-24,2024-02-24,Alaska,29.0,13.0,False,35.0,38.0,30.0,59.0,31.0,59.0,1.0712009399049187,1.0712009399049187,0.0967741935483871,1.6094379124341005,False,1.0294671790325012,22.0,25.0
2023-24,2024-02-24,California,29.0,21.0,False,30.0,40.0,30.0,59.0,30.0,59.0,0.9626245488563744,0.9626245488563744,0.4128963563191424,-0.19801288658863037,False,0.9173782486545737,9.0,19.0
2023-24,2024-02-24,New York,29.0,22.0,False,34.0,34.0,30.0,47.0,30.0,44.0,1.0019459945791582,1.0019459945791582,0.4224900926178274,0.010075651988741718,False,1.0131930381842789,12.0,12.0
2023-24,2024-02-24,Pennsylvania,29.0,21.0,False,35.0,37.0,30.0,45.0,30.0,43.0,0.9968616540556106,0.9968616540556106,0.418763658191163,-0.016393809775675727,False,1.0340724990940913,14.0,16.0
2023-24,2024-02-24,Vermont,29.0,30.0,True,31.0,32.0,30.0,41.0,30.0,37.0,1.0697240661822773,1.0697240661822773,0.2985781990521327,0.5108256237659905,False,1.0339658182396254,1.0,2.0
2023-24,2024-02-24,Wyoming,29.0,22.0,False,30.0,30.0,30.0,43.0,30.0,44.0,0.9077923900502163,0.9077923900502163,0.3109381401065137,-0.6486954179891113,False,0.903402092539463,8.0,8.0
2023-24,2024-03-02,Alaska,30.0,13.0,False,36.0,39.0,31.0,56.0,32.0,60.0,1.0672278516508795,1.0672278516508795,0.14537444933920704,1.01160091167848,False,1.0727274587701285,23.0,26.0
2023-24,2024-03-02,California,30.0,21.0,False,39.0,42.0,31.0,60.0,31.0,60.0,0.9736136149458849,0.9736136149458849,0.412025944399074,-0.14008879317068157,False,0.9607218709251343,18.0,21.0
2023-24,2024-03-02,New York,30.0,22.0,False,34.0,31.0,31.0,53.0,31.0,57.0,0.9905794009056058,0.9905794009056058,0.42237120677487644,-0.04879016416943216,False,0.9933675986751345,12.0,9.0
2023-24,2024-03-02,Pennsylvania,30.0,21.0,False,35.0,35.0,31.0,45.0,31.0,42.0,1.0205068111020519,1.0205068111020519,0.4192323534363455,0.10700187835705677,False,1.034510635762969,14.0,14.0
2023-24,2024-03-02,Vermont,30.0,30.0,False,32.0,31.0,31.0,46.0,31.0,43.99999999999556,1.0051655148125838,1.0051655148125838,0.29940290019903326,0.03774032798284699,False,1.0075756540346155,2.0,1.0
2023-24,2024-03-02,Wyoming,30.0,22.0,False,31.0,31.0,31.0,48.0,31.0,60.0,1.0,1.0,0.30111524163568776,0.0,False,0.9204644679939379,9.0,9.0
2023-24,2024-03-09,Alaska,31.0,13.0,False,37.0,32.0,32.0,61.0,32.0,61.0,0.9419783294393959,0.9419783294393959,0.16097560975609754,-0.7884573603642704,False,1.000054321879471,24.0,19.0
2023-24,2024-03-09,California,31.0,21.0,False,32.0,32.0,32.0,61.0,32.0,61.0,0.9485640793566624,0.9485640793566624,0.40853733546561694,-0.27541197985996657,False,0.9284760514496498,11.0,11.0
2023-24,2024-03-09,New York,31.0,22.0,False,32.0,32.0,32.0,58.0,32.0,61.0,0.9445947114959296,0.9445947114959296,0.42129517341741446,-0.2876820724517808,False,0.9544987317739136,10.0,10.0
2023-24,2024-03-09,Pennsylvania,31.0,21.0,False,33.0,32.0,32.0,61.0,32.0,61.0,0.9876243767946912,0.9876243767946912,0.41946538725154214,-0.06453852113757108,False,0.9960256824409974,12.0,11.0
2023-24,2024-03-09,Vermont,31.0,30.0,False,32.0,32.0,32.0,47.0,32.0,57.0,0.9903073429325648,0.9903073429325648,0.30731707317073165,-0.06899287148695166,False,0.9836984410326175,2.0,2.0
2023-24,2024-03-09,Wyoming,31.0,22.0,False,32.0,32.0,32.0,53.99999999999556,32.0,61.0,0.9276913604448841,0.9276913604448841,0.2691029900332226,-0.5877866649021191,False,0.858960146251901,10.0,10.0
2023-24,2024-03-16,Alaska,32.0,13.0,False,39.0,41.0,33.0,62.0,33.0,62.0,1.032228820291136,1.032228820291136,0.15,0.47000362924573547,False,1.0343461184594585,26.0,28.0
2023-24,2024-03-16,California,32.0,21.0,False,36.0,45.0,33.0,62.0,33.0,62.0,0.9801013911542865,0.9801013911542865,0.40483693920186964,-0.10752034371125685,False,0.9432598526824744,15.0,24.0
2023-24,2024-03-16,New York,32.0,22.0,False,33.0,33.0,33.0,55.0,33.0,62.0,0.9417463929517741,0.9417463929517741,0.4190913977200709,-0.3040619924704586,False,0.9099766966634517,11.0,11.0
2023-24,2024-03-16,Pennsylvania,32.0,21.0,False,33.0,33.0,33.0,54.0,33.0,56.0,0.9439515883163435,0.9439515883163435,0.4176373973287418,-0.2935702150770032,False,0.9512837264440128,12.0,12.0
2023-24,2024-03-16,Vermont,32.0,30.0,False,33.0,33.0,33.0,57.0,33.0,61.0,0.9741655903729816,0.9741655903729816,0.2986270022883295,-0.1892419996385284,False,0.9502592595846377,3.0,3.0
2023-24,2024-03-16,Wyoming,32.0,22.0,False,33.0,33.0,33.0,62.0,33.0,62.0,0.9680256813255268,0.9680256813255268,0.2255125284738041,-0.3101549283038394,False,0.8382349500880485,11.0,11.0
2023-24,2024-03-23,Alaska,33.0,13.0,False,39.0,40.0,34.0,63.0,34.0,63.0,1.018248725381995,1.018248725381995,0.1989283322170127,0.2006706954621511,False,1.0620091305680814,26.0,27.0
2023-24,2024-03-23,California,33.0,21.0,False,41.0,45.0,34.0,61.0,34.0,63.0,0.9815652086359192,0.9815652086359192,0.4029247858772488,-0.10008345855698231,False,0.9645586523030271,20.0,24.0
2023-24,2024-03-23,New York,33.0,22.0,False,34.0,34.0,34.0,63.0,34.0,63.0,0.9753822875214236,0.9753822875214236,0.4162282040023517,-0.12937913752375518,False,0.9013735460136205,12.0,12.0
2023-24,2024-03-23,Pennsylvania,33.0,21.0,False,34.0,34.0,34.0,58.0,34.0,63.0,0.9855772941810517,0.9855772941810517,0.4152042165939554,-0.07598590697792229,False,0.9460238067802305,13.0,13.0
2023-24,2024-03-23,Vermont,33.0,30.0,False,34.0,34.0,34.0,51.0,34.0,63.0,0.9826770085243862,0.9826770085243862,0.28378378378378377,-0.13353139262452274,False,0.9308545796112362,4.0,4.0
2023-24,2024-03-23,Wyoming,33.0,22.0,False,34.0,34.0,34.0,63.0,34.0,63.0,0.9419783294393959,0.9419783294393959,0.16097560975609754,-0.7884573603642704,False,0.8095738277991933,12.0,12.0
2023-24,2024-03-30,Alaska,34.0,13.0,False,40.0,35.0,35.0,64.0,35.0,64.0,0.9910694276953534,0.9910694276953534,0.20496894409937885,-0.09531017980432477,False,1.0400708090328394,27.0,22.0
2023-24,2024-03-30,California,34.0,21.0,False,40.0,46.0,35.0,64.0,35.0,64.0,1.0041591397141159,1.0041591397141159,0.4025745924989826,0.022599831917240465,False,0.9811587177817958,19.0,25.0
2023-24,2024-03-30,New York,34.0,22.0,False,35.0,44.0,35.0,63.0,35.0,64.0,1.012363818624094,1.012363818624094,0.41568336221360397,0.06506359334706246,False,0.9519364528682885,13.0,22.0
2023-24,2024-03-30,Pennsylvania,34.0,21.0,False,35.0,35.0,35.0,64.0,35.0,64.0,0.9496635602495954,0.9496635602495954,0.41285064613444994,-0.26670894907150267,False,0.9164421119945348,14.0,14.0
2023-24,2024-03-30,Vermont,34.0,30.0,False,35.0,35.0,35.0,61.0,35.0,64.0,1.0065459658114377,1.0065459658114377,0.2648425400103252,0.054067221270275745,False,0.9124262229617763,5.0,5.0
2023-24,2024-03-30,Wyoming,34.0,22.0,False,35.0,41.0,35.0,64.0,36.0,64.0,1.058021670560604,1.058021670560604,0.16097560975609754,0.7884573603642704,False,0.9189822687880743,13.0,19.0
2023-24,2024-04-06,Alaska,35.0,13.0,False,36.0,36.0,36.0,65.0,36.0,65.0,0.9567908251079514,0.9567908251079514,0.13636363636363638,-0.6931471805599452,False,0.9543954390464333,23.0,23.0
2023-24,2024-04-06,California,35.0,21.0,False,40.0,36.0,36.0,65.0,36.0,65.0,0.9606793673233087,0.9606793673233087,0.40026860276075166,-0.21489040955748973,False,0.972055501632464,19.0,15.0
2023-24,2024-04-06,New York,35.0,22.0,False,36.0,42.0,36.0,65.0,36.0,65.0,1.0095256289162473,1.0095256289162473,0.4166594284721619,0.05001042057466165,False,0.9760495115331865,14.0,20.0
2023-24,2024-04-06,Pennsylvania,35.0,21.0,False,36.0,36.0,36.0,58.0,36.0,65.0,0.9956849039205229,0.9956849039205229,0.4105902777777778,-0.022989518224698635,False,0.9350400806976731,15.0,15.0
2023-24,2024-04-06,Vermont,35.0,30.0,False,36.0,36.0,36.0,58.0,36.0,65.0,0.950353955125555,0.950353955125555,0.21259842519685038,-0.5108256237659905,False,0.861546355635399,6.0,6.0
2023-24,2024-04-06,Wyoming,35.0,22.0,False,36.0,36.0,36.0,65.0,36.0,65.0,0.9620892541165473,0.9620892541165473,0.18347895154884827,-0.45198512374305744,False,0.9105409166084826,14.0,14.0
2023-24,2024-04-13,Alaska,36.0,13.0,False,39.0,41.0,37.0,66.0,37.0,66.0,1.010337914267705,1.010337914267705,0.1693548387096774,0.13353139262452252,False,0.9877567075465356,26.0,28.0
2023-24,2024-04-13,California,36.0,21.0,False,43.0,49.0,37.0,66.0,38.0,66.0,1.0304699572115799,1.0304699572115799,0.40022791095193516,0.16653768909269218,False,0.9968792466179911,22.0,28.0
2023-24,2024-04-13,New York,36.0,22.0,False,37.0,37.0,37.0,66.0,37.0,66.0,0.966168382026591,0.966168382026591,0.41588095947790343,-0.17795155712283606,False,0.972977656532662,15.0,15.0
2023-24,2024-04-13,Pennsylvania,36.0,21.0,False,37.0,37.0,37.0,66.0,37.0,66.0,0.949721847955503,0.949721847955503,0.40771480980368036,-0.26975585618362885,False,0.9134252377860412,16.0,16.0
2023-24,2024-04-13,Vermont,36.0,30.0,False,37.0,41.0,37.0,66.0,38.0,66.0,1.056586752555114,1.056586752555114,0.2151394422310757,0.5753641449035616,False,0.9269132174599406,7.0,11.0
2023-24,2024-04-13,Wyoming,36.0,22.0,False,37.0,37.0,37.0,66.0,37.0,66.0,0.9777232174374921,0.9777232174374921,0.14482758620689656,-0.33647223662121295,False,0.9127270566413224,15.0,15.0
2023-24,2024-04-20,Alaska,37.0,13.0,False,38.0,38.0,38.0,67.0,38.0,67.0,0.9405873845234333,0.9405873845234333,0.09374999999999999,-1.3862943611198904,False,0.9151845523470518,25.0,25.0
2023-24,2024-04-20,California,37.0,21.0,False,43.0,38.0,38.0,67.0,38.0,67.0,0.9803305404072425,0.9803305404072425,0.40120033643634084,-0.1072455303535973,False,0.997720688574192,22.0,17.0
2023-24,2024-04-20,New York,37.0,22.0,False,38.0,38.0,38.0,67.0,38.0,67.0,0.9017093132023574,0.9017093132023574,0.4113183053270127,-0.5227359798609061,False,0.9228733814605892,16.0,16.0
2023-24,2024-04-20,Pennsylvania,37.0,21.0,False,38.0,38.0,38.0,67.0,38.0,67.0,0.9502285363762198,0.9502285363762198,0.4017720362290926,-0.2709871938796109,False,0.8970282706146072,17.0,17.0
2023-24,2024-04-20,Vermont,37.0,30.0,False,38.0,38.0,38.0,67.0,38.0,67.0,0.9522535995686872,0.9522535995686872,0.2222222222222222,-0.47000362924573524,False,0.9213131598181119,8.0,8.0
2023-24,2024-04-20,Wyoming,37.0,22.0,False,38.0,38.0,38.0,67.0,38.0,67.0,0.9640963631592168,0.9640963631592168,0.08571428571428572,-0.916290731874155,False,0.8450189801237952,16.0,16.0
2023-24,2024-04-27,Alaska,38.0,13.0,False,39.0,52.0,39.0,68.0,39.0,68.0,1.0137867710903365,1.0137867710903365,0.0743801652892562,0.4054651081081645,False,0.8889994811555528,26.0,39.0
2023-24,2024-04-27,California,38.0,21.0,False,43.0,46.0,39.0,68.0,39.0,68.0,0.9964144743781422,0.9964144743781422,0.3986901210437883,-0.019672765598705233,False,0.9891646565578325,22.0,25.0
2023-24,2024-04-27,New York,38.0,22.0,False,39.0,39.0,39.0,68.0,39.0,68.0,0.9471810751168074,0.9471810751168074,0.40378314820945443,-0.2861471527336974,False,0.8891861747377867,17.0,17.0
2023-24,2024-04-27,Pennsylvania,38.0,21.0,False,39.0,39.0,39.0,68.0,39.0,68.0,0.9531298207252352,0.9531298207252352,0.3947149790843767,-0.2597532969267702,False,0.8976520918035233,18.0,18.0
2023-24,2024-04-27,Vermont,38.0,30.0,False,39.0,39.0,39.0,68.0,39.0,68.0,0.960345611955632,0.960345611955632,0.16981132075471697,-0.5108256237659909,False,0.8912922249660623,9.0,9.0
2023-24,2024-04-27,Wyoming,38.0,22.0,False,39.0,48.0,39.0,68.0,39.0,68.0,1.0256919418277046,1.0256919418277046,0.08108108108108107,0.6931471805599453,False,0.8884469092249094,17.0,26.0
2024-25,2024-11-16,Alaska,15.0,30.0,True,21.0,23.0,16.0,39.0,16.0,40.0,1.0222767825625079,1.0222767825625079,0.14482758620689656,0.33647223662121295,False,1.128465476297253,-9.0,-7.0
2024-25,2024-11-16,California,15.0,26.0,True,20.0,21.0,16.0,29.0,17.0,25.0,1.1402016710352418,1.1402016710352418,0.4046560620975478,0.7579057479081079,False,1.2419494001312414,-6.0,-5.0
2024-25,2024-11-16,New York,15.0,26.0,True,20.0,23.0,16.0,29.0,16.0,35.0,1.011454775782056,1.011454775782056,0.35692025664527954,0.07020425867324853,False,1.3190441899377339,-6.0,-3.0
2024-25,2024-11-16,Pennsylvania,15.0,27.0,True,18.0,16.0,16.0,36.0,16.0,37.0,0.9570794927390284,0.9570794927390284,0.39246219814940186,-0.23922968906583453,False,1.0038608092182388,-9.0,-11.0
2024-25,2024-11-16,Vermont,15.0,28.0,True,19.0,22.0,16.0,28.0,16.0,30.0,1.0,1.0,0.0,0.0,False,1.438022534872484,-9.0,-6.0
2024-25,2024-11-16,Wyoming,15.0,26.0,True,18.0,16.0,16.0,42.0,16.0,40.0,0.9677711797088638,0.9677711797088638,0.15,-0.47000362924573547,False,1.0279318862715972,-8.0,-10.0
2024-25,2024-11-30,Alaska,17.0,30.0,True,24.0,26.0,18.0,42.0,18.0,39.0,1.0414569533449332,1.0414569533449332,0.15428571428571428,0.5877866649021193,False,1.071244053318182,-6.0,-4.0
2024-25,2024-11-30,California,17.0,26.0,True,21.0,22.0,18.0,28.0,18.0,27.0,1.0701457356103234,1.0701457356103234,0.4196064784058654,0.36568500379339675,False,1.1888436301860719,-5.0,-4.0
2024-25,2024-11-30,New York,17.0,26.0,True,22.0,24.0,18.0,30.0,18.0,30.0,1.0582941704718645,1.0582941704718645,0.3905358129257963,0.3265219057680442,False,1.2198030734029122,-4.0,-2.0
2024-25,2024-11-30,Pennsylvania,17.0,27.0,True,22.0,26.0,18.0,46.0,18.0,46.0,0.971019947639251,0.971019947639251,0.39218840926984566,-0.16164135155641546,False,0.9668741782454573,-5.0,-1.0
2024-25,2024-11-30,Vermont,17.0,28.0,True,21.0,22.0,18.0,29.0,18.0,30.0,1.0,1.0,0.0,0.0,False,1.2800722965344344,-7.0,-6.0
2024-25,2024-11-30,Wyoming,17.0,26.0,True,20.0,18.0,18.0,38.0,18.0,36.0,0.9567908251079514,0.9567908251079514,0.13636363636363638,-0.6931471805599452,False,0.9895274989084268,-6.0,-8.0
2024-25,2024-12-14,Alaska,19.0,30.0,True,24.0,26.0,20.0,38.0,20.0,38.0,1.0373741388274398,1.0373741388274398,0.2704634540004611,0.3022808718729335,False,1.1804468515677402,-6.0,-4.0
2024-25,2024-12-14,California,19.0,26.0,True,23.0,22.0,20.0,39.0,20.0,39.0,1.0490344445580928,1.0490344445580928,0.42450930752105814,0.25267490151675265,False,1.1264740874874568,-3.0,-4.0
2024-25,2024-12-14,New York,19.0,26.0,True,24.0,25.0,20.0,31.0,20.0,30.0,1.0735000576553873,1.0735000576553873,0.41407894343085716,0.38828677157308,False,1.2181104540500152,-2.0,-1.0
2024-25,2024-12-14,Pennsylvania,19.0,27.0,True,23.0,24.0,20.0,31.0,20.0,28.0,1.0785236148025965,1.0785236148025965,0.4065930878449913,0.4224626844767352,False,1.13465608147618,-4.0,-3.0
2024-25,2024-12-14,Vermont,19.0,28.0,True,22.0,20.0,20.0,30.0,20.0,31.0,1.0,1.0,0.0,0.0,False,1.1742969456053642,-6.0,-8.0
2024-25,2024-12-14,Wyoming,19.0,26.0,True,22.0,22.0,20.0,29.0,20.0,26.0,1.1471842539087462,1.1471842539087462,0.1831578947368421,1.7578579175523739,False,1.2438105548870304,-4.0,-4.0
2024-25,2024-12-21,Alaska,20.0,30.0,True,26.0,29.0,21.0,39.0,21.0,42.0,0.9486042992518852,0.9486042992518852,0.2630241423125794,-0.4274440148269396,False,1.070641850734131,-4.0,-1.0
2024-25,2024-12-21,California,20.0,26.0,True,23.0,23.0,21.0,42.0,21.0,42.0,1.093848739718237,1.093848739718237,0.4257263737290635,0.48222081318432686,False,1.1311457334299604,-3.0,-3.0
2024-25,2024-12-21,New York,20.0,26.0,True,24.0,24.0,21.0,31.0,22.0,30.0,1.100950096355179,1.100950096355179,0.419492596858933,0.5264177185258267,False,1.2088935586191805,-2.0,-2.0
2024-25,2024-12-21,Pennsylvania,20.0,27.0,True,23.0,23.0,21.0,34.0,21.0,31.0,1.0347253380030816,1.0347253380030816,0.4124038244082705,0.18419246472976614,False,1.1044442174138427,-4.0,-4.0
2024-25,2024-12-21,Vermont,20.0,28.0,True,23.0,21.0,21.0,30.0,21.0,31.0,0.9896620857322951,0.9896620857322951,0.1693548387096774,-0.13353139262452252,False,1.166856909379454,-5.0,-7.0
2024-25,2024-12-21,Wyoming,20.0,26.0,True,22.0,21.0,21.0,40.0,21.0,42.0,0.8563911417106371,0.8563911417106371,0.19938884644766997,-1.5755363607584192,False,0.9603146359204165,-4.0,-5.0
2024-25,2024-12-28,Alaska,21.0,30.0,True,27.0,30.0,22.0,44.0,22.0,43.0,0.9932278552675554,0.9932278552675554,0.2591756070016939,-0.05715841383994835,False,1.01372425984523,-3.0,0.0
2024-25,2024-12-28,California,21.0,26.0,True,23.0,23.0,22.0,29.0,22.0,28.0,1.047878160540844,1.047878160540844,0.42672279321347295,0.24543679842923805,False,1.107121008338702,-3.0,-3.0
2024-25,2024-12-28,New York,21.0,26.0,True,24.0,24.0,22.0,32.0,22.0,28.0,1.1396275122025208,1.1396275122025208,0.42360914719092824,0.7210306599100633,False,1.238083126634562,-2.0,-2.0
2024-25,2024-12-28,Pennsylvania,21.0,27.0,True,23.0,23.0,22.0,25.0,22.0,25.0,1.2015880076970362,1.2015880076970362,0.4191765909015933,1.0519999837986909,False,1.1760565691974034,-4.0,-4.0
2024-25,2024-12-28,Vermont,21.0,28.0,True,23.0,23.0,22.0,27.0,22.0,28.0,1.0841020962673542,1.0841020962673542,0.2126865671641791,0.8649974374866045,False,1.1659775520136693,-5.0,-5.0
2024-25,2024-12-28,Wyoming,21.0,26.0,True,23.0,23.0,22.0,27.0,22.0,25.0,1.2477180311830147,1.2477180311830147,0.2912172573189522,1.8607523407150066,False,1.2161544446093424,-3.0,-3.0
2024-25,2025-01-11,Alaska,23.0,30.0,True,27.0,24.0,24.0,41.0,24.0,44.0,0.9148576333463582,0.9148576333463582,0.34261154318460907,-0.5436154465889818,False,1.0692505615370673,-3.0,-6.0
2024-25,2025-01-11,California,23.0,26.0,True,24.0,24.0,24.0,47.0,24.0,47.0,0.9632727021409011,0.9632727021409011,0.4270744956513727,-0.18811932083240634,False,0.9565113153004889,-2.0,-2.0
2024-25,2025-01-11,New York,23.0,26.0,True,25.0,24.0,24.0,40.99999999999556,24.0,42.0,0.9638653670878011,0.9638653670878011,0.4264235607537575,-0.18536618698017993,False,1.061158463408065,-1.0,-2.0
2024-25,2025-01-11,Pennsylvania,23.0,27.0,True,24.0,24.0,24.0,26.0,24.0,24.0,0.9895003572506227,0.9895003572506227,0.4255871273726115,-0.05396772373275738,False,0.9973089509552238,-3.0,-3.0
2024-25,2025-01-11,Vermont,23.0,28.0,True,24.0,24.0,24.0,28.0,24.0,29.0,0.9863064557995419,0.9863064557995419,0.3142857142857143,-0.09531017980432477,False,1.0102434691903168,-4.0,-4.0
2024-25,2025-01-11,Wyoming,23.0,26.0,True,24.0,24.0,24.0,39.0,24.0,38.0,0.8850245637740574,0.8850245637740574,0.37614065581441986,-0.6686561605516497,False,0.9251764432445472,-2.0,-2.0
2024-25,2025-01-25,Alaska,25.0,30.0,True,28.0,26.0,26.0,47.0,26.0,44.0,0.9602149162707742,0.9602149162707742,0.3025210084033613,-0.2876820724517808,False,0.9143103283085473,-2.0,-4.0
2024-25,2025-01-25,California,25.0,26.0,True,27.0,27.0,26.0,45.0,26.0,43.0,1.0203298838088348,1.0203298838088348,0.427184056287039,0.10410412134376124,False,0.9873228862963674,1.0,1.0
2024-25,2025-01-25,New York,25.0,26.0,True,28.0,27.0,26.0,47.0,26.0,47.0,1.011528232758063,1.011528232758063,0.42671095363689016,0.05909857467526347,False,1.0034030317176663,2.0,1.0
2024-25,2025-01-25,Pennsylvania,25.0,27.0,True,26.0,26.0,26.0,27.0,26.0,27.0,1.038166581566173,1.038166581566173,0.4267765459202369,0.19562789467724695,False,0.9626716620566662,-1.0,-1.0
2024-25,2025-01-25,Vermont,25.0,28.0,True,26.0,26.0,26.0,29.0,26.0,30.0,1.0448597117559129,1.0448597117559129,0.3411078717201166,0.28768207245178123,False,0.9383834555963478,-2.0,-2.0
2024-25,2025-01-25,Wyoming,25.0,26.0,True,26.0,26.0,26.0,42.0,26.0,35.0,1.0020006396763022,1.0020006396763022,0.3785543225284177,0.011560822401076365,False,0.9042889964969107,0.0,0.0
2024-25,2025-02-01,Alaska,26.0,30.0,True,31.0,34.0,27.0,48.0,27.0,43.0,1.0053053815321153,1.0053053815321153,0.2959028831562974,0.03922071315328157,False,0.942312165700316,1.0,4.0
2024-25,2025-02-01,California,26.0,26.0,False,29.0,27.0,27.0,46.0,27.0,43.0,1.0048839730958257,1.0048839730958257,0.4273253872673659,0.02500130220541763,False,1.0040533763498583,3.0,1.0
2024-25,2025-02-01,New York,26.0,26.0,False,27.0,27.0,27.0,46.0,27.0,46.0,0.9989876492133292,0.9989876492133292,0.4268841696925532,-0.005187630516815034,False,0.9713235615238498,1.0,1.0
2024-25,2025-02-01,Pennsylvania,26.0,27.0,True,27.0,27.0,27.0,30.0,27.0,30.0,1.0398224213720992,1.0398224213720992,0.4271143399418729,0.20395369250145556,False,0.9992487426044099,0.0,0.0
2024-25,2025-02-01,Vermont,26.0,28.0,True,27.0,27.0,27.0,28.0,27.0,29.0,1.0582289566981657,1.0582289566981657,0.3610207655741806,0.35282137462274266,False,0.9471564227876073,-1.0,-1.0
2024-25,2025-02-01,Wyoming,26.0,26.0,False,27.0,27.0,27.0,43.0,27.0,38.0,1.0242994356405268,1.0242994356405268,0.3816905527932144,0.1392620673335081,False,0.9262758005272903,1.0,1.0
2024-25,2025-02-08,Alaska,27.0,30.0,True,32.0,34.0,28.0,47.0,28.0,44.0,0.9898030044930711,0.9898030044930711,0.30099228224917307,-0.07410797215372167,False,0.9664823628920358,2.0,4.0
2024-25,2025-02-08,California,27.0,26.0,False,28.0,28.0,28.0,49.0,28.0,46.0,0.9479090488463073,0.9479090488463073,0.4272549780157174,-0.26670012407558374,False,0.9512318087937132,2.0,2.0
2024-25,2025-02-08,New York,27.0,26.0,False,28.0,28.0,28.0,49.0,28.0,48.0,0.961063543134238,0.961063543134238,0.42678331563307953,-0.19957082733543619,False,0.9321753438926714,2.0,2.0
2024-25,2025-02-08,Pennsylvania,27.0,27.0,False,28.0,28.0,28.0,40.0,28.0,34.0,1.0217832048792388,1.0217832048792388,0.42733117999316816,0.11150780215498557,False,0.97485026129441,1.0,1.0
2024-25,2025-02-08,Vermont,27.0,28.0,True,28.0,28.0,28.0,29.0,28.0,30.0,1.0571168953398455,1.0571168953398455,0.3831538101291229,0.3260915205666519,False,0.9652045614817493,0.0,0.0
2024-25,2025-02-08,Wyoming,27.0,26.0,False,28.0,28.0,28.0,48.0,28.0,52.0,0.9133467597893973,0.9133467597893973,0.3734357334996686,-0.5075946031845442,False,0.878356197118689,2.0,2.0
2024-25,2025-02-15,Alaska,28.0,30.0,True,32.0,34.0,29.0,48.0,29.0,47.99999999999556,1.0542631484644918,1.0542631484644918,0.3127902068383284,0.3794896217049035,False,1.046805883563214,2.0,4.0
2024-25,2025-02-15,California,28.0,26.0,False,29.0,29.0,29.0,50.0,29.0,48.0,0.9447348911709423,0.9447348911709423,0.4269025749013258,-0.2831850465917354,False,0.9206458399001675,3.0,3.0
2024-25,2025-02-15,New York,28.0,26.0,False,29.0,29.0,29.0,49.0,29.0,47.0,0.9565492279747219,0.9565492279747219,0.426629446619179,-0.2227895063468015,False,0.9208056545601624,3.0,3.0
2024-25,2025-02-15,Pennsylvania,28.0,27.0,False,29.0,29.0,29.0,41.0,29.0,36.0,1.0052156541781747,1.0052156541781747,0.4274173857408833,0.026693447424888106,False,0.9690827914695408,2.0,2.0
2024-25,2025-02-15,Vermont,28.0,28.0,False,29.0,29.0,29.0,29.0,29.0,29.0,0.9568161281819684,0.9568161281819684,0.38819055667053975,-0.2433462586317292,False,0.8792754401693423,1.0,1.0
2024-25,2025-02-15,Wyoming,28.0,26.0,False,29.0,29.0,29.0,48.0,29.0,50.0,0.9421715235269936,0.9421715235269936,0.37595907928388744,-0.33647223662121295,False,0.8904723505005776,3.0,3.0
2024-25,2025-02-22,Alaska,29.0,30.0,True,33.0,30.0,30.0,44.0,30.0,43.0,0.9932933297035779,0.9932933297035779,0.3447127393838468,-0.04255961441879608,False,1.0711193843152276,3.0,0.0
2024-25,2025-02-22,California,29.0,26.0,False,30.0,30.0,30.0,55.0,30.0,59.0,0.9378796031071874,0.9378796031071874,0.4263988954094089,-0.3186883682532846,False,0.89198625707409,4.0,4.0
2024-25,2025-02-22,New York,29.0,26.0,False,30.0,30.0,30.0,51.0,30.0,53.0,0.9358116022585511,0.9358116022585511,0.42618965304260586,-0.32945924204636334,False,0.8982945457471756,4.0,4.0
2024-25,2025-02-22,Pennsylvania,29.0,27.0,False,30.0,30.0,30.0,49.0,30.0,59.0,0.963222288912068,0.963222288912068,0.4273232720428929,-0.188267871815734,False,0.9066840502610127,3.0,3.0
2024-25,2025-02-22,Vermont,29.0,28.0,False,30.0,30.0,30.0,31.0,30.0,37.0,0.951006788926553,0.951006788926553,0.38083832335329343,-0.2814124594381857,False,0.8333682046771134,2.0,2.0
2024-25,2025-02-22,Wyoming,29.0,26.0,False,30.0,31.0,30.0,44.0,30.0,38.0,1.04572142847792,1.04572142847792,0.37829322249782127,0.26438650984825873,False,0.9464493490446498,4.0,5.0
2024-25,2025-03-01,Alaska,30.0,30.0,False,33.0,31.0,31.0,48.0,31.0,48.0,0.9931765391798412,0.9931765391798412,0.3432512848255342,-0.04348511193973881,False,1.0289136173593332,3.0,1.0
2024-25,2025-03-01,California,30.0,26.0,False,31.0,31.0,31.0,56.0,31.0,57.0,0.91960015632818,0.91960015632818,0.4254713858941428,-0.41336424460718924,False,0.8666590250357546,5.0,5.0
2024-25,2025-03-01,New York,30.0,26.0,False,31.0,31.0,31.0,54.0,31.0,57.0,0.9385981986824175,0.9385981986824175,0.4256920141698387,-0.31552492391511855,False,0.8979017270065086,5.0,5.0
2024-25,2025-03-01,Pennsylvania,30.0,27.0,False,31.0,31.0,31.0,39.0,31.0,41.0,0.9650907706259785,0.9650907706259785,0.42707417828513483,-0.17880720291332608,False,0.8747566883471292,4.0,4.0
2024-25,2025-03-01,Vermont,30.0,28.0,False,31.0,31.0,31.0,31.0,31.0,42.0,0.8888336116097894,0.8888336116097894,0.3620631908004912,-0.671640975338982,False,0.766947842526513,3.0,3.0
2024-25,2025-03-01,Wyoming,30.0,26.0,False,31.0,31.0,31.0,50.0,31.0,55.0,0.8794757878950592,0.8794757878950592,0.3641937461679951,-0.7239188392266986,False,0.8743144957663693,5.0,5.0
2024-25,2025-03-08,Alaska,31.0,30.0,False,32.0,32.0,32.0,52.0,32.0,59.0,0.9878338526615447,0.9878338526615447,0.3524607329842932,-0.07550755250814545,False,0.9972726096625456,2.0,2.0
2024-25,2025-03-08,California,31.0,26.0,False,32.0,32.0,32.0,58.0,32.0,61.0,0.9211478315284114,0.9211478315284114,0.4243060589644287,-0.4065205171771078,False,0.8569474133180389,6.0,6.0
2024-25,2025-03-08,New York,31.0,26.0,False,32.0,32.0,32.0,57.99999999999556,32.0,61.0,0.9287698721735418,0.9287698721735418,0.42485521864343573,-0.36675059592747417,False,0.8779853264798724,6.0,6.0
2024-25,2025-03-08,Pennsylvania,31.0,27.0,False,32.0,32.0,32.0,49.0,32.0,48.0,0.9326299518661773,0.9326299518661773,0.42661029849249166,-0.34544871704575364,False,0.8716703217006799,5.0,5.0
2024-25,2025-03-08,Vermont,31.0,28.0,False,32.0,32.0,32.0,39.0,32.0,61.0,0.9227150823857702,0.9227150823857702,0.3482142857142857,-0.48550781578170055,False,0.7542015193623556,4.0,4.0
2024-25,2025-03-08,Wyoming,31.0,26.0,False,32.0,32.0,32.0,50.0,32.0,61.0,0.9706329487682952,0.9706329487682952,0.3362400615542447,-0.1910552367627094,False,0.8497335144126443,6.0,6.0
2024-25,2025-03-15,Alaska,32.0,30.0,False,33.0,33.0,33.0,49.0,33.0,50.0,0.9261756010849147,0.9261756010849147,0.33262260127931764,-0.485507815781701,False,0.925354946847853,3.0,3.0
2024-25,2025-03-15,California,32.0,26.0,False,33.0,41.0,33.0,62.0,33.0,62.0,0.9712712873310115,0.9712712873310115,0.42353047594363513,-0.1483814330560138,False,0.8878832552191751,7.0,15.0
2024-25,2025-03-15,New York,32.0,26.0,False,33.0,33.0,33.0,58.0,33.0,62.0,0.9483282531744319,0.9483282531744319,0.4241404500159123,-0.26649650175240236,False,0.8907408224748172,7.0,7.0
2024-25,2025-03-15,Pennsylvania,32.0,27.0,False,33.0,33.0,33.0,48.0,33.0,49.0,0.9223697634156622,0.9223697634156622,0.42598031008465326,-0.3986478682418255,False,0.8542235868853744,6.0,6.0
2024-25,2025-03-15,Vermont,32.0,28.0,False,33.0,33.0,33.0,43.0,33.0,62.0,0.9419722753890861,0.9419722753890861,0.32224997846498404,-0.39390428570708824,False,0.7728937116668144,5.0,5.0
2024-25,2025-03-15,Wyoming,32.0,26.0,False,33.0,33.0,33.0,55.0,33.0,62.0,0.9960759578653563,0.9960759578653563,0.3304593429463356,-0.02597548640326064,False,0.8859109553851608,7.0,7.0
2024-25,2025-03-22,Alaska,33.0,30.0,False,34.0,34.0,34.0,56.0,34.0,63.0,0.8629579512096943,0.8629579512096943,0.2363238512035011,-1.268511325463507,False,0.8040143105354068,4.0,4.0
2024-25,2025-03-22,California,33.0,26.0,False,34.0,34.0,34.0,58.0,34.0,60.0,0.9087920227760355,0.9087920227760355,0.42208905509138306,-0.47269041395595135,False,0.887230435678092,8.0,8.0
2024-25,2025-03-22,New York,33.0,26.0,False,34.0,34.0,34.0,61.0,34.0,63.0,0.9479552338062054,0.9479552338062054,0.4235066330450884,-0.2688220612516474,False,0.9152263962967087,8.0,8.0
2024-25,2025-03-22,Pennsylvania,33.0,27.0,False,34.0,34.0,34.0,56.0,34.0,62.0,0.9394685914269475,0.9394685914269475,0.4249698127324876,-0.31158085183077233,False,0.8584706459698198,7.0,7.0
2024-25,2025-03-22,Vermont,33.0,28.0,False,34.0,34.0,34.0,46.0,34.0,63.0,0.995436100655274,0.995436100655274,0.3144547759932375,-0.03174869831458027,False,0.8351794193915065,6.0,6.0
2024-25,2025-03-22,Wyoming,33.0,26.0,False,34.0,34.0,34.0,62.99999999999556,34.0,63.0,0.9431700489392345,0.9431700489392345,0.3245901639344262,-0.38299225225610556,False,0.9039355396634584,8.0,8.0
2024-25,2025-03-29,Alaska,34.0,30.0,False,35.0,39.0,35.0,56.0,35.0,64.0,1.0227623642328632,1.0227623642328632,0.28558476881232997,0.17435338714477755,False,0.9064682634623701,5.0,9.0
2024-25,2025-03-29,California,34.0,26.0,False,35.0,35.0,35.0,64.0,35.0,64.0,0.9329110650067992,0.9329110650067992,0.42018156239216414,-0.34927054976452165,False,0.8781353220909491,9.0,9.0
2024-25,2025-03-29,New York,34.0,26.0,False,35.0,35.0,35.0,64.0,35.0,64.0,0.9154389683192505,0.9154389683192505,0.421642878433467,-0.43870599092978146,False,0.884468087358112,9.0,9.0
2024-25,2025-03-29,Pennsylvania,34.0,27.0,False,35.0,35.0,35.0,54.0,35.0,64.0,0.9411076975096387,0.9411076975096387,0.4239993625667313,-0.30383751267406645,False,0.8551501219146209,8.0,8.0
2024-25,2025-03-29,Vermont,34.0,28.0,False,35.0,35.0,35.0,49.0,35.0,64.0,0.9621299571522209,0.9621299571522209,0.3088029809035864,-0.2682639865946794,False,0.8687897854194074,7.0,7.0
2024-25,2025-03-29,Wyoming,34.0,26.0,False,35.0,35.0,35.0,64.0,35.0,64.0,0.9638228618742974,0.9638228618742974,0.297841726618705,-0.2657031657330058,False,0.8852509842284004,9.0,9.0
2024-25,2025-04-05,Alaska,35.0,30.0,False,36.0,36.0,36.0,65.0,36.0,65.0,0.887936482061348,0.887936482061348,0.2310730743910467,-1.0608719606852626,False,0.8226177228855343,6.0,6.0
2024-25,2025-04-05,California,35.0,26.0,False,36.0,36.0,36.0,65.0,36.0,65.0,0.9358431728760573,0.9358431728760573,0.41842134206699333,-0.33541085318529085,False,0.8902438520780184,10.0,10.0
2024-25,2025-04-05,New York,35.0,26.0,False,36.0,36.0,36.0,62.99999999999556,36.0,65.0,0.9500666401787986,0.9500666401787986,0.4192883264475064,-0.2605110081035207,False,0.8858570228493383,10.0,10.0
2024-25,2025-04-05,Pennsylvania,35.0,27.0,False,36.0,36.0,36.0,65.0,36.0,65.0,0.9105126134638882,0.9105126134638882,0.4218710412319532,-0.4640130251085788,False,0.8542690296308934,9.0,9.0
2024-25,2025-04-05,Vermont,35.0,28.0,False,36.0,36.0,36.0,65.0,36.0,65.0,1.0101969955069288,1.0101969955069288,0.30099228224917307,0.07410797215372167,False,0.911278457345841,8.0,8.0
2024-25,2025-04-05,Wyoming,35.0,26.0,False,36.0,36.0,36.0,65.0,36.0,65.0,0.9182606965790923,0.9182606965790923,0.2424145640370488,-0.737598943130779,False,0.8347991350810557,10.0,10.0
2024-25,2025-04-12,Alaska,36.0,30.0,False,37.0,44.0,37.0,62.0,37.0,66.0,1.0,1.0,0.21951219512195122,0.0,False,0.8692580849902254,7.0,14.0
2024-25,2025-04-12,California,36.0,26.0,False,37.0,52.0,37.0,66.0,37.0,66.0,0.9774897902000009,0.9774897902000009,0.4170599263042213,-0.11806716692694064,False,0.908629768312035,11.0,26.0
2024-25,2025-04-12,New York,36.0,26.0,False,37.0,37.0,37.0,66.0,37.0,66.0,0.9313049685954257,0.9313049685954257,0.4169502594754146,-0.3604036159770443,False,0.87824114255041,11.0,11.0
2024-25,2025-04-12,Pennsylvania,36.0,27.0,False,37.0,37.0,37.0,66.0,37.0,66.0,0.9452144851375844,0.9452144851375844,0.41906195212684727,-0.28597994438125074,False,0.8235146376461024,10.0,10.0
2024-25,2025-04-12,Vermont,36.0,28.0,False,37.0,37.0,37.0,57.0,37.0,66.0,0.8561864405363948,0.8561864405363948,0.18260869565217389,-1.7227665977411035,False,0.8169866085834557,9.0,9.0
2024-25,2025-04-12,Wyoming,36.0,26.0,False,37.0,50.0,37.0,66.0,37.0,66.0,0.9322939342347262,0.9322939342347262,0.059602649006622516,-2.4849066497880004,False,0.7477025642652342,11.0,24.0
2024-25,2025-04-19,Alaska,37.0,30.0,False,38.0,38.0,38.0,67.0,38.0,67.0,0.9320444783314222,0.9320444783314222,0.19504643962848295,-0.7621400520468968,False,0.8431744312078052,8.0,8.0
2024-25,2025-04-19,California,37.0,26.0,False,38.0,38.0,38.0,67.0,38.0,67.0,0.9519618861504642,0.9519618861504642,0.41523282293231617,-0.2530709718556823,False,0.918674513652493,12.0,12.0
2024-25,2025-04-19,New York,37.0,26.0,False,38.0,38.0,38.0,67.0,38.0,67.0,0.9292007481398225,0.9292007481398225,0.41384308892041266,-0.37423208841823286,False,0.8895958271103896,12.0,12.0
2024-25,2025-04-19,Pennsylvania,37.0,27.0,False,38.0,54.0,38.0,67.0,38.0,67.0,0.953281125398542,0.953281125398542,0.41628247397294005,-0.24550045841548584,False,0.8465255175973713,11.0,27.0
2024-25,2025-04-19,Vermont,37.0,28.0,False,38.0,43.0,38.0,63.0,39.0,67.0,1.0654896094436164,1.0654896094436164,0.16363636363636364,0.8754687373539001,False,0.8560130604541483,10.0,15.0
2024-25,2025-04-19,Wyoming,37.0,26.0,False,38.0,53.0,38.0,67.0,38.0,67.0,1.0249724024574913,1.0249724024574913,0.049723756906077346,1.0986122886681098,False,0.7421700052646355,12.0,27.0
2024-25,2025-04-26,Alaska,38.0,30.0,False,39.0,39.0,39.0,68.0,39.0,68.0,0.9662118769548425,0.9662118769548425,0.1320754716981132,-0.5596157879354227,False,0.8115539874345886,9.0,9.0
2024-25,2025-04-26,California,38.0,26.0,False,39.0,39.0,39.0,68.0,39.0,68.0,0.9256723525541036,0.9256723525541036,0.411391736235866,-0.3952236140559675,False,0.8986504948431813,13.0,13.0
2024-25,2025-04-26,New York,38.0,26.0,False,39.0,39.0,39.0,68.0,39.0,68.0,0.9097818255026657,0.9097818255026657,0.4068589570122555,-0.4850630748359661,False,0.8613485483672096,13.0,13.0
2024-25,2025-04-26,Pennsylvania,38.0,27.0,False,39.0,39.0,39.0,68.0,39.0,68.0,0.9297847076998328,0.9297847076998328,0.4119386526836553,-0.37286122801534827,False,0.8748374620984211,12.0,12.0
2024-25,2025-04-26,Vermont,38.0,28.0,False,39.0,39.0,39.0,68.0,39.0,68.0,1.0,1.0,0.21951219512195122,0.0,False,0.8897857694783974,11.0,11.0
2024-25,2025-04-26,Wyoming,38.0,26.0,False,39.0,61.0,39.0,68.0,39.0,68.0,0.9862132289096633,0.9862132289096633,0.0743801652892562,-0.4054651081081645,False,0.7353199628520118,13.0,35.0
2024-25,2025-05-03,Alaska,39.0,30.0,False,40.0,47.0,40.0,69.0,40.0,69.0,1.0,1.0,0.14754098360655737,0.0,False,0.8775181897788668,10.0,17.0
2024-25,2025-05-03,California,39.0,26.0,False,40.0,58.0,40.0,69.0,40.0,69.0,0.9906847299903486,0.9906847299903486,0.4091565925351567,-0.04980282248381851,False,0.9241334051907837,14.0,32.0
2024-25,2025-05-03,New York,39.0,26.0,False,40.0,40.0,40.0,69.0,40.0,69.0,0.9371199793094167,0.9371199793094167,0.40185681647099214,-0.34228620648663277,False,0.8676732303683427,14.0,14.0
2024-25,2025-05-03,Pennsylvania,39.0,27.0,False,40.0,40.0,40.0,66.0,40.0,69.0,0.9162875033894136,0.9162875033894136,0.4131284316518093,-0.44325462085358236,False,0.9068963553885112,13.0,13.0
2024-25,2025-05-03,Vermont,39.0,28.0,False,40.0,40.0,40.0,56.0,40.0,69.0,0.9196674494964732,0.9196674494964732,0.12676056338028172,-1.3862943611198906,False,0.8345102926361447,12.0,12.0
2024-25,2025-05-03,Wyoming,39.0,26.0,False,40.0,59.0,40.0,69.0,40.0,69.0,0.985811912722014,0.985811912722014,0.04477611940298507,-0.6931471805599453,False,0.7351650254187982,14.0,33.0
2024-25,2025-05-10,Alaska,40.0,30.0,False,41.0,50.0,41.0,70.0,41.0,70.0,0.9552474767840996,0.9552474767840996,0.0891089108910891,-1.0986122886681096,False,0.8256896584544475,11.0,20.0
2024-25,2025-05-10,California,40.0,26.0,False,41.0,41.0,41.0,70.0,41.0,70.0,0.9184907507458683,0.9184907507458683,0.40438289068107924,-0.44092241994489445,False,0.900856663752915,15.0,15.0
2024-25,2025-05-10,New York,40.0,26.0,False,41.0,41.0,41.0,70.0,41.0,70.0,0.920927157189346,0.920927157189346,0.39211500259646054,-0.441125288507048,False,0.8566276450311017,15.0,15.0
2024-25,2025-05-10,Pennsylvania,40.0,27.0,False,41.0,49.0,41.0,70.0,41.0,70.0,0.9977730295932854,0.9977730295932854,0.4100129052173951,-0.011881327886753112,False,0.935338465324325,14.0,22.0
2024-25,2025-05-10,Vermont,40.0,28.0,False,41.0,47.0,41.0,70.0,41.0,70.0,0.9750275975425087,0.9750275975425087,0.049723756906077346,-1.0986122886681098,False,0.7663854994224928,13.0,19.0
2024-25,2025-05-10,Wyoming,40.0,26.0,False,41.0,57.0,41.0,70.0,41.0,70.0,1.0333544507938621,1.0333544507938621,0.05263157894736842,1.3862943611198906,False,0.8749862447188167,15.0,31.0
2024-25,2025-05-17,Alaska,41.0,30.0,False,42.0,55.0,42.0,71.0,43.0,71.0,1.0359036368407832,1.0359036368407832,0.08571428571428572,0.916290731874155,False,0.8927953855515574,12.0,25.0
2024-25,2025-05-17,California,41.0,26.0,False,42.0,62.0,42.0,71.0,42.0,71.0,0.963943327723629,0.963943327723629,0.3983274622344222,-0.19801288658863037,False,0.9028365217888821,16.0,36.0
2024-25,2025-05-17,New York,41.0,26.0,False,42.0,42.0,42.0,71.0,42.0,71.0,0.8951749074503438,0.8951749074503438,0.3704206241519674,-0.6190392084062228,False,0.8225402054152214,16.0,16.0
2024-25,2025-05-17,Pennsylvania,41.0,27.0,False,42.0,42.0,42.0,71.0,42.0,71.0,0.9024925782175154,0.9024925782175154,0.403788460702329,-0.5282406653676688,False,0.8723811725972546,15.0,15.0
2024-25,2025-05-17,Vermont,41.0,28.0,False,42.0,62.0,42.0,71.0,42.0,71.0,1.014188087277986,1.014188087277986,0.04477611940298507,0.6931471805599453,False,0.7584231353741668,14.0,34.0
2024-25,2025-05-17,Wyoming,41.0,26.0,False,42.0,42.0,42.0,71.0,42.0,71.0,0.9743080581722955,0.9743080581722955,0.08108108108108107,-0.6931471805599453,False,0.8814627725377647,16.0,16.0
2024-25,2025-05-24,Alaska,42.0,30.0,False,45.0,50.0,43.0,72.0,43.0,72.0,1.0222767825625079,1.0222767825625079,0.14482758620689656,0.33647223662121295,False,0.9811186071391913,15.0,20.0
2024-25,2025-05-24,California,42.0,26.0,False,43.0,61.0,43.0,72.0,43.0,72.0,1.0152937857233282,1.0152937857233282,0.40122944010632994,0.08338160893905133,False,0.9523901448463153,17.0,35.0
2024-25,2025-05-24,New York,42.0,26.0,False,43.0,43.0,43.0,72.0,43.0,72.0,0.9293364826931512,0.9293364826931512,0.3455672299423812,-0.44731221804366506,False,0.8211986155990144,17.0,17.0
2024-25,2025-05-24,Pennsylvania,42.0,27.0,False,43.0,51.0,43.0,72.0,43.0,72.0,1.018405418921057,1.018405418921057,0.3997643191942464,0.10071397560183115,False,0.8992120185548655,16.0,24.0
2024-25,2025-05-24,Vermont,42.0,28.0,False,43.0,66.0,43.0,72.0,43.0,72.0,0.985811912722014,0.985811912722014,0.04477611940298507,-0.6931471805599453,False,0.7531914718742876,15.0,38.0
2024-25,2025-05-24,Wyoming,42.0,26.0,False,43.0,55.0,43.0,72.0,43.0,72.0,1.0137867710903365,1.0137867710903365,0.0743801652892562,0.4054651081081645,False,0.9288317852435546,17.0,29.0
2024-25,2025-05-31,Alaska,43.0,30.0,False,49.0,44.0,44.0,73.0,44.0,73.0,0.9890920403463759,0.9890920403463759,0.1547911547911548,-0.15415067982725827,False,1.0026525436246643,19.0,14.0
2024-25,2025-05-31,California,43.0,26.0,False,44.0,44.0,44.0,73.0,44.0,73.0,0.98392651792647,0.98392651792647,0.40174807948469976,-0.08751937801655618,False,0.9709246589267165,18.0,18.0
2024-25,2025-05-31,New York,43.0,26.0,False,44.0,56.0,44.0,73.0,44.0,73.0,0.9264612788431139,0.9264612788431139,0.3278810408921933,-0.490622916448471,False,0.8298038232732596,18.0,30.0
2024-25,2025-05-31,Pennsylvania,43.0,27.0,False,50.0,55.0,44.0,73.0,44.0,73.0,1.0146404557222766,1.0146404557222766,0.4024001491961191,0.07958743791834788,False,0.975686899826856,23.0,28.0
2024-25,2025-05-31,Vermont,43.0,28.0,False,44.0,66.0,44.0,73.0,44.0,73.0,1.0,1.0,0.03448275862068965,0.0,False,0.7533803416431581,16.0,38.0
2024-25,2025-05-31,Wyoming,43.0,26.0,False,46.0,50.99999999991785,44.0,73.0,44.0,73.0,1.0,1.0,0.08910891089108912,0.0,False,0.9642218427609858,20.0,24.999999999917847
2024-25,2025-06-07,Alaska,44.0,30.0,False,50.0,55.0,45.0,74.0,45.0,74.0,0.98845964651502,0.98845964651502,0.13846153846153847,-0.18232155679395468,False,0.9706169098017321,20.0,25.0
2024-25,2025-06-07,California,44.0,26.0,False,45.0,45.0,45.0,74.0,45.0,74.0,0.9365395759695668,0.9365395759695668,0.39802669762042947,-0.3487697644316192,False,0.9596169870733879,19.0,19.0
2024-25,2025-06-07,New York,44.0,26.0,False,45.0,60.0,45.0,74.0,45.0,74.0,0.9366426777227014,0.9366426777227014,0.3116675546084177,-0.44468582126144574,False,0.8472769054940394,19.0,34.0
2024-25,2025-06-07,Pennsylvania,44.0,27.0,False,45.0,45.0,45.0,74.0,45.0,74.0,0.970712822703178,0.970712822703178,0.40133835685767305,-0.15963014559188426,False,0.9611299041575849,18.0,18.0
2024-25,2025-06-07,Vermont,44.0,28.0,False,45.0,70.0,45.0,74.0,45.0,74.0,1.0,1.0,0.0,0.0,False,0.7550590673575467,17.0,42.0
2024-25,2025-06-07,Wyoming,44.0,26.0,False,45.0,64.0,45.0,74.0,45.0,74.0,1.0,1.0,0.0,0.0,False,0.891110136968263,19.0,38.0
2024-25,2025-06-14,Alaska,45.0,30.0,False,52.0,53.0,46.0,75.0,46.0,75.0,1.0,1.0,0.16279069767441862,0.0,False,1.0060045077336413,22.0,23.0
2024-25,2025-06-14,California,45.0,26.0,False,54.0,67.0,46.0,75.0,46.0,75.0,0.9895785682556681,0.9895785682556681,0.3959864620012991,-0.057569851821477336,False,0.9629971555223514,28.0,41.0
2024-25,2025-06-14,New York,45.0,26.0,False,46.0,67.0,46.0,75.0,46.0,75.0,1.0101969955069288,1.0101969955069288,0.30099228224917307,0.07410797215372167,False,0.8880986136026996,20.0,41.0
2024-25,2025-06-14,Pennsylvania,45.0,27.0,False,46.0,46.0,46.0,75.0,46.0,75.0,0.983309632818086,0.983309632818086,0.3987255348202094,-0.09156719352549025,False,0.9617110940722846,19.0,19.0
2024-25,2025-06-14,Vermont,45.0,28.0,False,46.0,70.0,46.0,75.0,46.0,75.0,1.0,1.0,0.0,0.0,False,0.7088388459498415,18.0,42.0
2024-25,2025-06-14,Wyoming,45.0,26.0,False,46.0,68.0,46.0,75.0,46.0,75.0,1.0,1.0,0.0,0.0,False,0.8260172459775389,20.0,42.0
2025-26,2025-08-30,Alaska,4.0,22.0,True,6.0,12.0,5.0,34.0,5.0,34.0,1.0,1.0,0.06382978723404255,0.0,False,0.7324112225651578,-16.0,-10.0
2025-26,2025-08-30,California,4.0,27.0,True,6.0,8.0,5.0,33.0,5.0,33.0,1.0310701824595614,1.0310701824595614,0.37278106508875736,0.182321556793954,False,0.9001943767909166,-21.0,-19.0
2025-26,2025-08-30,New York,4.0,21.0,True,14.0,15.0,5.0,34.0,5.0,34.0,0.9351165598357724,0.9351165598357724,0.23741007194244604,-0.5978370007556202,False,0.8019639876037908,-7.0,-6.0
2025-26,2025-08-30,Pennsylvania,4.0,22.0,True,8.0,12.0,5.0,34.0,5.0,34.0,0.9854045828018531,0.9854045828018531,0.38290788013318533,-0.08338160893905133,False,0.7192015320215647,-14.0,-10.0
2025-26,2025-08-30,Vermont,4.0,22.0,True,5.0,13.0,5.0,34.0,5.0,34.0,1.0,1.0,0.0,0.0,False,0.49579288725267195,-17.0,-9.0
2025-26,2025-08-30,Wyoming,4.0,22.0,True,5.0,14.0,5.0,34.0,5.0,34.0,1.0,1.0,0.0,0.0,False,0.49778047011466864,-17.0,-8.0
2025-26,2025-09-20,Alaska,7.0,22.0,True,12.0,16.0,8.0,37.0,8.0,36.0,0.9322939342347262,0.9322939342347262,0.059602649006622516,-2.4849066497880004,False,0.7456629667626975,-10.0,-6.0
2025-26,2025-09-20,California,7.0,27.0,True,13.0,15.0,8.0,37.0,8.0,36.0,0.9644728409234756,0.9644728409234756,0.37265699459917395,-0.208544751893057,False,0.8633682747492082,-14.0,-12.0
2025-26,2025-09-20,New York,7.0,21.0,True,19.0,19.0,8.0,37.0,8.0,37.0,0.950353955125555,0.950353955125555,0.21259842519685038,-0.5108256237659905,False,0.8702345494362274,-2.0,-2.0
2025-26,2025-09-20,Pennsylvania,7.0,22.0,True,14.0,16.0,8.0,37.0,8.0,37.0,1.0014850399532018,1.0014850399532018,0.3914450035945363,0.008298802814695527,False,1.0302982192704626,-8.0,-6.0
2025-26,2025-09-20,Vermont,7.0,22.0,True,15.0,18.0,8.0,37.0,8.0,37.0,1.0,1.0,0.0,0.0,False,0.6195190532132903,-7.0,-4.0
2025-26,2025-09-20,Wyoming,7.0,22.0,True,15.0,17.0,8.0,37.0,8.0,37.0,1.0,1.0,0.03448275862068965,0.0,False,0.8636027194166159,-7.0,-5.0
2025-26,2025-11-15,Alaska,15.0,22.0,True,25.0,27.0,16.0,45.0,16.0,45.0,1.0,1.0,0.0,0.0,False,0.9160598377515335,3.0,5.0
2025-26,2025-11-15,California,15.0,27.0,True,24.0,26.0,16.0,41.0,16.0,42.0,0.9910890943569954,0.9910890943569954,0.3967339597805263,-0.049132688577644856,False,1.0419235529393813,-3.0,-1.0
2025-26,2025-11-15,New York,15.0,21.0,True,20.0,21.0,17.0,33.0,18.0,35.0,1.1464614471997927,1.1464614471997927,0.3867873020825208,0.828321958928198,False,1.297409648652403,-1.0,0.0
2025-26,2025-11-15,Pennsylvania,15.0,22.0,True,23.0,24.0,16.0,42.0,17.0,40.0,1.059274477852072,1.059274477852072,0.3942824123804514,0.3288579866359669,False,1.0739073898620202,1.0,2.0
2025-26,2025-11-15,Vermont,15.0,22.0,True,20.0,23.0,16.0,32.0,16.0,33.0,0.9743080581722955,0.9743080581722955,0.08108108108108107,-0.6931471805599453,False,1.2658824933086195,-2.0,1.0
2025-26,2025-11-15,Wyoming,15.0,22.0,True,22.0,24.0,16.0,42.0,16.0,39.0,1.0137867710903365,1.0137867710903365,0.0743801652892562,0.4054651081081645,False,1.0239149269428056,0.0,2.0
2025-26,2025-11-29,Alaska,17.0,22.0,True,23.0,25.0,18.0,43.0,18.0,45.0,0.9750275975425087,0.9750275975425087,0.049723756906077346,-1.0986122886681098,False,1.0823200514623335,1.0,3.0
2025-26,2025-11-29,California,17.0,27.0,True,26.0,27.0,18.0,37.0,21.0,34.0,1.0433479888975365,1.0433479888975365,0.40052394839602584,0.23674920336998806,False,1.085262140076299,-1.0,0.0
2025-26,2025-11-29,New York,17.0,21.0,True,21.0,21.0,18.0,25.0,18.0,25.0,1.0846483659661235,1.0846483659661235,0.41662294836243724,0.4444505548211177,False,1.2429257765435802,0.0,0.0
2025-26,2025-11-29,Pennsylvania,17.0,22.0,True,22.0,23.0,20.0,31.0,20.0,27.0,1.1087776557577165,1.1087776557577165,0.4096572090686299,0.5808542281264746,False,1.2164847588223968,0.0,1.0
2025-26,2025-11-29,Vermont,17.0,22.0,True,23.0,26.0,18.0,43.0,18.0,44.0,1.0,1.0,0.0,0.0,False,1.0168134681128511,1.0,4.0
2025-26,2025-11-29,Wyoming,17.0,22.0,True,22.0,24.0,18.0,39.0,18.0,35.0,1.0447525232159003,1.0447525232159003,0.0891089108910891,1.0986122886681096,False,1.0486150860504513,0.0,2.0
2025-26,2025-12-06,Alaska,18.0,22.0,True,21.0,19.0,19.0,32.0,19.0,34.0,1.010337914267705,1.010337914267705,0.1693548387096774,0.13353139262452252,False,1.159952760268561,-1.0,-3.0
2025-26,2025-12-06,California,18.0,27.0,True,26.0,28.0,19.0,40.0,19.0,41.0,1.0109370976034535,1.0109370976034535,0.4075264645568919,0.058707600826778616,False,1.0881165275830544,-1.0,1.0
2025-26,2025-12-06,New York,18.0,21.0,True,21.0,20.0,19.0,23.0,19.0,24.0,1.095438240388944,1.095438240388944,0.4228740253400071,0.4936958487411349,False,1.211958833887043,0.0,-1.0
2025-26,2025-12-06,Pennsylvania,18.0,22.0,True,22.0,23.0,20.0,27.0,20.0,27.0,1.0831415442757653,1.0831415442757653,0.41658707872240786,0.4365764983902123,False,1.2153257922867498,0.0,1.0
2025-26,2025-12-06,Vermont,18.0,22.0,True,23.0,25.0,19.0,40.0,19.0,40.0,1.0,1.0,0.0,0.0,False,1.0854544121228142,1.0,3.0
2025-26,2025-12-06,Wyoming,18.0,22.0,True,22.0,23.0,19.0,40.0,19.0,39.0,0.990644246091638,0.990644246091638,0.19424460431654675,-0.10536051565782634,False,1.0809100792329582,0.0,1.0
2025-26,2025-12-13,Alaska,19.0,22.0,True,21.0,20.0,20.0,35.0,20.0,38.0,0.9832933745592195,0.9832933745592195,0.2187659357470678,-0.16705408466316607,False,1.0639573331639545,-1.0,-2.0
2025-26,2025-12-13,California,19.0,27.0,True,25.0,26.0,20.0,35.0,21.0,40.0,1.0807350247997154,1.0807350247997154,0.4134967647496451,0.4271082189876534,False,1.1327624092879136,-2.0,-1.0
2025-26,2025-12-13,New York,19.0,21.0,True,21.0,20.0,20.0,30.0,20.0,32.0,1.0345441344563533,1.0345441344563533,0.42476368368500206,0.17789961106776442,False,1.1058361176947078,0.0,-1.0
2025-26,2025-12-13,Pennsylvania,19.0,22.0,True,23.0,23.0,20.0,30.0,20.0,29.0,1.0590087905687602,1.0590087905687602,0.42042737409076036,0.3070250352949122,False,1.1746197969366783,1.0,1.0
2025-26,2025-12-13,Vermont,19.0,22.0,True,22.0,22.0,20.0,36.0,20.0,35.0,1.01154035348498,1.01154035348498,0.13846153846153847,0.18232155679395468,False,1.119296953204542,0.0,0.0
2025-26,2025-12-13,Wyoming,19.0,22.0,True,22.0,22.0,20.0,37.0,20.0,34.99999999999556,1.0544987605873797,1.0544987605873797,0.22466960352422904,0.5306282510621703,False,1.1202013297321012,0.0,0.0
2025-26,2025-12-27,Alaska,21.0,22.0,True,23.0,23.0,22.0,26.0,22.0,27.0,1.0885130319088203,1.0885130319088203,0.34827525827350725,0.5559460590464607,False,1.1872535698872886,1.0,1.0
2025-26,2025-12-27,California,21.0,27.0,True,25.0,26.0,23.0,29.0,23.0,29.0,1.0897535161867247,1.0897535161867247,0.42274341495273693,0.4644325841962802,False,1.2259522395695674,-2.0,-1.0
2025-26,2025-12-27,New York,21.0,21.0,False,22.0,22.0,22.0,41.0,22.0,40.0,1.0289750780094493,1.0289750780094493,0.4269449393079292,0.14845704284119865,False,1.04633144000911,1.0,1.0
2025-26,2025-12-27,Pennsylvania,21.0,22.0,True,23.0,23.0,22.0,25.0,22.0,25.0,1.1237767160613679,1.1237767160613679,0.4256077981241306,0.6361762344995219,False,1.1818629839896877,1.0,1.0
2025-26,2025-12-27,Vermont,21.0,22.0,True,23.0,23.0,22.0,26.0,22.0,26.0,1.1425242543990448,1.1425242543990448,0.27143099643524016,1.1486227092427712,False,1.213650804822704,1.0,1.0
2025-26,2025-12-27,Wyoming,21.0,22.0,True,23.0,23.0,22.0,29.0,22.0,28.0,1.0861649776227282,1.0861649776227282,0.32507739938080493,0.5798184952529422,False,1.1635114493667558,1.0,1.0
2025-26,2026-01-03,Alaska,22.0,22.0,False,23.0,23.0,23.0,37.0,23.0,37.0,0.9625612073361369,0.9625612073361369,0.3611419508326725,-0.2267733193647885,False,1.0008801660526234,1.0,1.0
2025-26,2026-01-03,California,22.0,27.0,True,26.0,24.0,23.0,39.99999999999556,23.0,41.0,1.0313376171032906,1.0313376171032906,0.42484230794767935,0.16135642832890973,False,1.1345768886370005,-1.0,-3.0
2025-26,2026-01-03,New York,22.0,21.0,False,23.0,23.0,23.0,41.0,23.0,39.0,0.9791353110815059,0.9791353110815059,0.42723483020290554,-0.10683002363718686,False,0.9800952018509331,2.0,2.0
2025-26,2026-01-03,Pennsylvania,22.0,22.0,False,24.0,24.0,23.0,26.0,23.0,27.0,1.0611964391492974,1.0611964391492974,0.4267941481396152,0.31365755885504054,False,1.1366043091778752,2.0,2.0
2025-26,2026-01-03,Vermont,22.0,22.0,False,23.0,23.0,23.0,28.0,23.0,28.0,1.0172142678503096,1.0172142678503096,0.3423264042459089,0.11000089521432876,False,1.0523648559541223,1.0,1.0
2025-26,2026-01-03,Wyoming,22.0,22.0,False,24.0,23.0,23.0,31.0,23.0,31.0,1.003163664531818,1.003163664531818,0.349474645957058,0.019802627296179764,False,1.0600003403729774,2.0,1.0
2025-26,2026-01-10,Alaska,23.0,22.0,False,24.0,24.0,24.0,41.0,24.0,41.0,0.9242107638972804,0.9242107638972804,0.3429454170957776,-0.48342664957787607,False,0.8805211292982748,2.0,2.0
2025-26,2026-01-10,California,23.0,27.0,True,26.0,24.0,24.0,42.0,24.0,42.0,0.9770114303524484,0.9770114303524484,0.42516281794760774,-0.11827820773879605,False,1.0392182891154997,-1.0,-3.0
2025-26,2026-01-10,New York,23.0,21.0,False,24.0,24.0,24.0,45.0,24.0,44.0,0.8939228061504257,0.8939228061504257,0.42669248793065667,-0.5438198892867643,False,0.8727161944982398,3.0,3.0
2025-26,2026-01-10,Pennsylvania,23.0,22.0,False,24.0,24.0,24.0,41.0,24.0,41.0,0.8709276592332021,0.8709276592332021,0.4264040341695844,-0.6621554272516077,False,0.9268904731786385,2.0,2.0
2025-26,2026-01-10,Vermont,23.0,22.0,False,24.0,24.0,24.0,34.0,24.0,31.0,0.9499572708242302,0.9499572708242302,0.34374999999999994,-0.3184537311185349,False,0.8892678968827973,2.0,2.0
2025-26,2026-01-10,Wyoming,23.0,22.0,False,24.0,24.0,24.0,42.0,24.0,40.0,0.969549192159118,0.969549192159118,0.3519892110586649,-0.18924199963852795,False,0.9651604153882541,2.0,2.0
2025-26,2026-01-17,Alaska,24.0,22.0,False,25.0,25.0,25.0,47.0,25.0,51.0,0.9467032413838022,0.9467032413838022,0.3238493723849372,-0.3600027340314069,False,0.7994514016501817,3.0,3.0
2025-26,2026-01-17,California,24.0,27.0,True,26.0,25.0,25.0,51.0,25.0,52.0,0.9721078580216448,0.9721078580216448,0.4249460301854017,-0.14358072847752457,False,0.9696189459793181,-1.0,-2.0
2025-26,2026-01-17,New York,24.0,21.0,False,25.0,25.0,25.0,51.0,25.0,51.0,0.8231487987667355,0.8231487987667355,0.4249638991201722,-0.91034086306792,False,0.7364208392138197,4.0,4.0
2025-26,2026-01-17,Pennsylvania,24.0,22.0,False,25.0,25.0,25.0,47.0,25.0,50.0,0.9579916533314002,0.9579916533314002,0.4261215035211962,-0.21565036633498824,False,0.8796496134602784,3.0,3.0
2025-26,2026-01-17,Vermont,24.0,22.0,False,25.0,25.0,25.0,39.0,25.0,36.0,0.9296825739102483,0.9296825739102483,0.3272727272727272,-0.4700036292457357,False,0.7802233626396735,3.0,3.0
2025-26,2026-01-17,Wyoming,24.0,22.0,False,25.0,25.0,25.0,44.0,25.0,49.0,0.8862785711892331,0.8862785711892331,0.3242280285035629,-0.7672551527136675,False,0.833654345236539,3.0,3.0
2025-26,2026-01-24,Alaska,25.0,22.0,False,26.0,26.0,26.0,47.0,26.0,55.0,0.9031754756805783,0.9031754756805783,0.2809917355371901,-0.7537718023763804,False,0.7401655070895005,4.0,4.0
2025-26,2026-01-24,California,25.0,27.0,True,30.0,32.0,26.0,46.0,26.0,43.0,0.9925159619314776,0.9925159619314776,0.42497244332531303,-0.03852328199633526,False,0.9710782514389262,3.0,5.0
2025-26,2026-01-24,New York,25.0,21.0,False,26.0,26.0,26.0,53.0,26.0,55.0,0.8505657286281803,0.8505657286281803,0.42208217546208904,-0.7744640442775967,False,0.7126972481246037,5.0,5.0
2025-26,2026-01-24,Pennsylvania,25.0,22.0,False,26.0,26.0,26.0,48.0,26.0,45.0,0.9116351259481495,0.9116351259481495,0.4251997415262192,-0.45460554913461415,False,0.8389618160569237,4.0,4.0
2025-26,2026-01-24,Vermont,25.0,22.0,False,26.0,26.0,26.0,46.0,26.0,52.0,0.940267293317887,0.940267293317887,0.3001605136436597,-0.4353180712578455,False,0.7836772035311068,4.0,4.0
2025-26,2026-01-24,Wyoming,25.0,22.0,False,26.0,26.0,26.0,49.0,26.0,55.0,0.9255003922766666,0.9255003922766666,0.26325940212150434,-0.6190392084062237,False,0.7559546753402594,4.0,4.0
2025-26,2026-02-07,Alaska,27.0,22.0,False,28.0,28.0,28.0,48.0,28.0,57.0,0.8790847519145645,0.8790847519145645,0.23304562268803947,-1.1349799328389842,False,0.779854449678948,6.0,6.0
2025-26,2026-02-07,California,27.0,27.0,False,30.0,30.0,28.0,45.0,28.0,42.0,1.0206605402699567,1.0206605402699567,0.42575901511063685,0.10615143834073848,False,1.0144102311626368,3.0,3.0
2025-26,2026-02-07,New York,27.0,21.0,False,28.0,40.0,28.0,57.0,28.0,57.0,0.9034606906242298,0.9034606906242298,0.4119887432937837,-0.5125861876010234,False,0.7477551629073029,7.0,19.0
2025-26,2026-02-07,Pennsylvania,27.0,22.0,False,28.0,28.0,28.0,55.0,28.0,57.0,0.9349799567989651,0.9349799567989651,0.42295681519008127,-0.3362786445191661,False,0.8597195638120437,6.0,6.0
2025-26,2026-02-07,Vermont,27.0,22.0,False,28.0,28.0,28.0,42.0,28.0,36.0,1.0159172903243663,1.0159172903243663,0.29562043795620435,0.11778303565638337,False,0.8744830184995104,6.0,6.0
2025-26,2026-02-07,Wyoming,27.0,22.0,False,28.0,33.0,28.0,48.0,29.0,57.0,1.0671681863670939,1.0671681863670939,0.2289156626506024,0.6418538861723944,False,0.8974381334341264,6.0,11.0
2025-26,2026-02-14,Alaska,28.0,22.0,False,29.0,37.0,29.0,56.0,29.0,58.0,0.97991344440012,0.97991344440012,0.1748381128584644,-0.25131442828090633,False,0.7910228849486378,7.0,15.0
2025-26,2026-02-14,California,28.0,27.0,False,31.0,29.0,29.0,46.0,29.0,45.0,0.9527816678838256,0.9527816678838256,0.42588053633271994,-0.24253304082306304,False,0.9891403596035651,4.0,2.0
2025-26,2026-02-14,New York,28.0,21.0,False,29.0,40.0,29.0,58.0,29.0,58.0,0.9271783354071418,0.9271783354071418,0.4084957812045388,-0.3899609215721993,False,0.8226447694149719,8.0,19.0
2025-26,2026-02-14,Pennsylvania,28.0,22.0,False,35.0,37.0,29.0,49.0,29.0,46.0,0.9834627665585532,0.9834627665585532,0.42257235614034633,-0.08560710994817189,False,0.9539466827627032,13.0,15.0
2025-26,2026-02-14,Vermont,28.0,22.0,False,29.0,29.0,29.0,44.0,29.0,56.0,0.9346538574493998,0.9346538574493998,0.27318718381112983,-0.523248143764548,False,0.8535286001334124,7.0,7.0
2025-26,2026-02-14,Wyoming,28.0,22.0,False,31.0,31.0,29.0,44.0,29.0,51.0,1.0504842490049953,1.0504842490049953,0.284796573875803,0.38776553100876354,False,1.0610333260741716,9.0,9.0
2025-26,2026-02-21,Alaska,29.0,22.0,False,30.0,37.0,30.0,58.0,30.0,59.0,0.9637347977841144,0.9637347977841144,0.19565217391304346,-0.4054651081081646,False,0.8444802262445226,8.0,15.0
2025-26,2026-02-21,California,29.0,27.0,False,34.0,30.0,30.0,50.0,30.0,48.0,0.9134682196629735,0.9134682196629735,0.4256494601272673,-0.4447045919678816,False,0.937830578743719,7.0,3.0
2025-26,2026-02-21,New York,29.0,21.0,False,37.0,39.0,30.0,53.0,30.0,58.0,1.0205344992723833,1.0205344992723833,0.410833982852689,0.10933666403746578,False,0.9882317804251969,16.0,18.0
2025-26,2026-02-21,Pennsylvania,29.0,22.0,False,35.0,38.0,30.0,51.0,30.0,52.0,0.988191520965788,0.988191520965788,0.42214977141882226,-0.06118929734468903,False,0.9717651279710152,13.0,16.0
2025-26,2026-02-21,Vermont,29.0,22.0,False,30.0,30.0,30.0,46.0,30.0,59.0,0.9796919424273258,0.9796919424273258,0.2585034013605442,-0.17185025692665912,False,0.8697251957019678,8.0,8.0
2025-26,2026-02-21,Wyoming,29.0,22.0,False,30.0,30.0,30.0,54.0,30.0,54.0,0.8863868229317343,0.8863868229317343,0.24137931034482757,-1.029619417181158,False,0.9198934133396486,8.0,8.0
2025-26,2026-02-28,Alaska,30.0,22.0,False,31.0,39.0,31.0,60.0,31.0,60.0,0.9469024765286885,0.9469024765286885,0.11842105263157895,-0.980829253011726,False,0.7784615803270849,9.0,17.0
2025-26,2026-02-28,California,30.0,27.0,False,31.0,31.0,31.0,50.0,31.0,47.0,0.9513426351523103,0.9513426351523103,0.42494548931357345,-0.2504744450311813,False,0.9111800640002855,4.0,4.0
2025-26,2026-02-28,New York,30.0,21.0,False,34.0,31.0,31.0,60.0,31.0,60.0,0.9585973290275256,0.9585973290275256,0.4117418513327875,-0.21996389839682973,False,0.9760986438594783,13.0,10.0
2025-26,2026-02-28,Pennsylvania,30.0,22.0,False,35.0,37.0,31.0,52.0,31.0,60.0,1.0069321201596348,1.0069321201596348,0.4223807058984756,0.035901291506545085,False,0.9956678743407823,13.0,15.0
2025-26,2026-02-28,Vermont,30.0,22.0,False,31.0,31.0,31.0,48.0,31.0,59.99999999999556,0.9474750699767767,0.9474750699767767,0.23330714846818534,-0.49247648509779385,False,0.8775313271367823,9.0,9.0
2025-26,2026-02-28,Wyoming,30.0,22.0,False,31.0,36.0,31.0,51.0,31.0,60.0,1.0333003450676663,1.0333003450676663,0.2164948453608247,0.3364722366212125,False,0.9375497283925491,9.0,14.0
2025-26,2026-03-14,Alaska,32.0,22.0,False,36.0,33.0,33.0,62.0,33.0,62.0,0.9558371899347258,0.9558371899347258,0.1989795918367347,-0.485507815781701,False,1.0034968869641312,14.0,11.0
2025-26,2026-03-14,California,32.0,27.0,False,33.0,40.0,33.0,57.0,33.0,58.0,0.9103312560744299,0.9103312560744299,0.4220269075910832,-0.4647816852645841,False,0.8493422852741171,6.0,13.0
2025-26,2026-03-14,New York,32.0,21.0,False,36.0,38.0,33.0,62.0,33.0,62.0,0.9910055251274503,0.9910055251274503,0.4098257400797817,-0.04800921918636014,False,0.973283064818252,15.0,17.0
2025-26,2026-03-14,Pennsylvania,32.0,22.0,False,36.0,34.0,33.0,57.0,33.0,61.99999999999556,1.010392818714034,1.010392818714034,0.42326642013961424,0.05371153924625194,False,1.020909425203061,14.0,12.0
2025-26,2026-03-14,Vermont,32.0,22.0,False,33.0,33.0,33.0,48.0,33.0,62.0,0.950353955125555,0.950353955125555,0.21259842519685038,-0.5108256237659905,False,0.8966405455734242,11.0,11.0
2025-26,2026-03-14,Wyoming,32.0,22.0,False,33.0,33.0,33.0,60.0,33.0,62.0,1.0,1.0,0.19999999999999996,0.0,False,0.9111906711374713,11.0,11.0
2025-26,2026-03-21,Alaska,33.0,22.0,False,35.0,34.0,34.0,63.0,34.0,63.0,0.9896620857322951,0.9896620857322951,0.1693548387096774,-0.13353139262452252,False,0.9661335595961686,13.0,12.0
2025-26,2026-03-21,California,33.0,27.0,False,34.0,34.0,34.0,59.0,34.0,63.0,0.9624001730528026,0.9624001730528026,0.42062186910137744,-0.19554290323209678,False,0.8893142128752748,7.0,7.0
2025-26,2026-03-21,New York,33.0,21.0,False,40.0,42.0,34.0,56.0,34.0,63.0,0.986505472193318,0.986505472193318,0.4098128171963942,-0.07203112820888258,False,0.9968935019071987,19.0,21.0
2025-26,2026-03-21,Pennsylvania,33.0,22.0,False,34.0,34.0,34.0,63.0,34.0,63.0,0.9474755908505283,0.9474755908505283,0.4223008122874219,-0.2720741747857902,False,0.9595027703061749,12.0,12.0
2025-26,2026-03-21,Vermont,33.0,22.0,False,34.0,34.0,34.0,63.0,34.0,63.0,0.9350557217728884,0.9350557217728884,0.059245960502693,-2.3978952727983707,False,0.803209483128827,12.0,12.0
2025-26,2026-03-21,Wyoming,33.0,22.0,False,34.0,34.0,34.0,63.0,34.0,63.0,0.9910694276953534,0.9910694276953534,0.20496894409937885,-0.09531017980432477,False,0.9386869049303143,12.0,12.0
2025-26,2026-03-28,Alaska,34.0,22.0,False,37.0,38.0,35.0,64.0,35.0,64.0,1.02008655559988,1.02008655559988,0.1748381128584644,0.25131442828090633,False,1.0041686646938828,15.0,16.0
2025-26,2026-03-28,California,34.0,27.0,False,35.0,35.0,35.0,64.0,35.0,64.0,0.8795401693737895,0.8795401693737895,0.4187117553719861,-0.6293252484892262,False,0.856665362448978,8.0,8.0
2025-26,2026-03-28,New York,34.0,21.0,False,35.0,35.0,35.0,64.0,35.0,64.0,0.8785282116144276,0.8785282116144276,0.40160225810468636,-0.6616485135005741,False,0.8788692010571936,14.0,14.0
2025-26,2026-03-28,Pennsylvania,34.0,22.0,False,35.0,35.0,35.0,63.0,35.0,64.0,0.8783119922631628,0.8783119922631628,0.4184418859984567,-0.6361516995105818,False,0.8572245482764155,13.0,13.0
2025-26,2026-03-28,Vermont,34.0,22.0,False,35.0,42.0,35.0,64.0,35.0,64.0,0.9752743227488059,0.9752743227488059,0.10588235294117648,-0.5108256237659905,False,0.8381294602966074,13.0,20.0
2025-26,2026-03-28,Wyoming,34.0,22.0,False,35.0,35.0,35.0,64.0,35.0,64.0,0.9194876061612275,0.9194876061612275,0.14942528735632182,-1.1786549963416462,False,0.8753474113287255,13.0,13.0
2025-26,2026-04-04,Alaska,35.0,22.0,False,37.0,36.0,36.0,65.0,36.0,65.0,0.97991344440012,0.97991344440012,0.1748381128584644,-0.25131442828090633,False,0.9715714626917376,15.0,14.0
2025-26,2026-04-04,California,35.0,27.0,False,36.0,36.0,36.0,65.0,36.0,65.0,0.9273658055994599,0.9273658055994599,0.41468626910373874,-0.38315061792275973,False,0.8589202158063296,9.0,9.0
2025-26,2026-04-04,New York,35.0,21.0,False,36.0,41.0,36.0,65.0,36.0,65.0,1.0164895906185416,1.0164895906185416,0.3990856229748324,0.09038406146826894,False,0.9196198678202561,15.0,20.0
2025-26,2026-04-04,Pennsylvania,35.0,22.0,False,36.0,40.0,36.0,57.0,36.0,65.0,0.9948088336682711,0.9948088336682711,0.41559189778205763,-0.02732410427455445,False,0.8899247938767358,14.0,18.0
2025-26,2026-04-04,Vermont,35.0,22.0,False,36.0,42.0,36.0,65.0,36.0,65.0,1.044610929395158,1.044610929395158,0.11517367458866545,0.8472978603872034,False,0.9105041664887132,14.0,20.0
2025-26,2026-04-04,Wyoming,35.0,22.0,False,36.0,42.0,36.0,65.0,37.0,65.0,1.0598393947346387,1.0598393947346387,0.14285714285714285,0.9162907318741553,False,0.9396709464283708,14.0,20.0
2025-26,2026-04-11,Alaska,36.0,22.0,False,39.0,43.0,37.0,66.0,37.0,66.0,1.010337914267705,1.010337914267705,0.1693548387096774,0.13353139262452252,False,0.9695470730078827,17.0,21.0
2025-26,2026-04-11,California,36.0,27.0,False,37.0,37.0,37.0,66.0,37.0,66.0,0.9406384581503492,0.9406384581503492,0.41039159947556864,-0.31641333049226184,False,0.8614778093036415,10.0,10.0
2025-26,2026-04-11,New York,36.0,21.0,False,37.0,37.0,37.0,66.0,37.0,66.0,0.9410350379864176,0.9410350379864176,0.39795774977750714,-0.32411946865421193,False,0.9308887573488345,16.0,16.0
2025-26,2026-04-11,Pennsylvania,36.0,22.0,False,37.0,37.0,37.0,64.0,37.0,66.0,0.9108984904695646,0.9108984904695646,0.41182044297050807,-0.4732877044469248,False,0.8545078038998434,15.0,15.0
2025-26,2026-04-11,Vermont,36.0,22.0,False,37.0,37.0,37.0,66.0,37.0,66.0,0.9553890706048419,0.9553890706048419,0.11517367458866545,-0.8472978603872034,False,0.8920221926121403,15.0,15.0
2025-26,2026-04-11,Wyoming,36.0,22.0,False,38.0,37.0,37.0,66.0,37.0,66.0,0.990644246091638,0.990644246091638,0.19424460431654675,-0.10536051565782634,False,0.9772655131245934,16.0,15.0
2025-26,2026-04-18,Alaska,37.0,22.0,False,38.0,38.0,38.0,67.0,38.0,67.0,0.9451575857139384,0.9451575857139384,0.05769230769230769,-2.0794415416798357,False,0.8134970047467066,16.0,16.0
2025-26,2026-04-18,California,37.0,27.0,False,38.0,38.0,38.0,67.0,38.0,67.0,0.9315641412683293,0.9315641412683293,0.4061367701692428,-0.3686035148040059,False,0.8706092856445355,11.0,11.0
2025-26,2026-04-18,New York,37.0,21.0,False,38.0,38.0,38.0,67.0,38.0,67.0,0.9520878126139176,0.9520878126139176,0.3906894519740719,-0.26826398659467987,False,0.9099485975453582,17.0,17.0
2025-26,2026-04-18,Pennsylvania,37.0,22.0,False,38.0,38.0,38.0,53.0,38.0,67.0,0.9573953393556347,0.9573953393556347,0.40570953904460294,-0.2297153164774448,False,0.8583320441788687,16.0,16.0
2025-26,2026-04-18,Vermont,37.0,22.0,False,38.0,42.0,38.0,67.0,38.0,67.0,1.0,1.0,0.08910891089108912,0.0,False,0.8979230074009636,16.0,20.0
2025-26,2026-04-18,Wyoming,37.0,22.0,False,38.0,38.0,38.0,67.0,38.0,67.0,0.9692969453632381,0.9692969453632381,0.1656441717791411,-0.4054651081081646,False,0.9403365757313085,16.0,16.0
2025-26,2026-05-02,Alaska,39.0,22.0,False,40.0,44.99999999991785,40.0,69.0,40.0,69.0,0.9752743227488059,0.9752743227488059,0.10588235294117648,-0.5108256237659905,False,0.8696560310026581,18.0,22.999999999917847
2025-26,2026-05-02,California,39.0,27.0,False,40.0,40.0,40.0,69.0,40.0,69.0,0.9794877939667331,0.9794877939667331,0.40716127184187906,-0.11020314013361432,False,0.9603672844667592,13.0,13.0
2025-26,2026-05-02,New York,39.0,21.0,False,40.0,48.99999999991785,40.0,69.0,40.0,69.0,1.0,1.0,0.36767317939609234,0.0,False,0.8631937756792154,19.0,27.999999999917847
2025-26,2026-05-02,Pennsylvania,39.0,22.0,False,40.0,40.0,40.0,69.0,40.0,69.0,0.99244304391976,0.99244304391976,0.40494938132733405,-0.04082199452025481,False,0.9013553137789456,18.0,18.0
2025-26,2026-05-02,Vermont,39.0,22.0,False,40.0,58.0,40.0,69.0,40.0,69.0,1.0,1.0,0.0,0.0,False,0.7833151508741598,18.0,36.0
2025-26,2026-05-02,Wyoming,39.0,22.0,False,40.0,52.0,40.0,69.0,40.0,69.0,1.0,1.0,0.0,0.0,False,0.859033406028092,18.0,30.0
2025-26,2026-05-09,Alaska,40.0,22.0,False,41.0,46.0,41.0,70.0,41.0,70.0,1.0130066619884008,1.0130066619884008,0.0989010989010989,0.2876820724517808,False,0.8991297945460099,19.0,24.0
2025-26,2026-05-09,California,40.0,27.0,False,41.0,41.0,41.0,70.0,41.0,70.0,0.9511330200346537,0.9511330200346537,0.40385162698036237,-0.26469255422708216,False,0.9486186975170037,14.0,14.0
2025-26,2026-05-09,New York,40.0,21.0,False,41.0,54.0,41.0,70.0,41.0,70.0,0.9805000293388945,0.9805000293388945,0.367497095649929,-0.11607217125275415,False,0.9001141278916045,20.0,33.0
2025-26,2026-05-09,Pennsylvania,40.0,22.0,False,41.0,57.0,41.0,70.0,41.0,70.0,0.9891638802337293,0.9891638802337293,0.40392974601543996,-0.058683501828090456,False,0.9197738707846932,19.0,35.0
2025-26,2026-05-09,Vermont,40.0,22.0,False,41.0,62.0,41.0,70.0,41.0,70.0,1.0,1.0,0.0,0.0,False,0.7874680657780979,19.0,40.0
2025-26,2026-05-09,Wyoming,40.0,22.0,False,41.0,49.0,41.0,70.0,41.0,70.0,1.0122410176720937,1.0122410176720937,0.12,0.2231435513142097,False,0.9346044767918462,19.0,27.0
2025-26,2026-05-16,Alaska,41.0,22.0,False,42.0,62.0,42.0,71.0,42.0,71.0,1.0,1.0,0.0,0.0,False,0.8159996942279161,20.0,40.0
2025-26,2026-05-16,California,41.0,27.0,False,42.0,42.0,42.0,71.0,42.0,71.0,0.9687462540113904,0.9687462540113904,0.4024011591802939,-0.16989903679539786,False,0.9556001266226586,15.0,15.0
2025-26,2026-05-16,New York,41.0,21.0,False,42.0,42.0,42.0,71.0,42.0,71.0,0.8982565220755905,0.8982565220755905,0.35314515828330656,-0.6302333551493762,False,0.8701845890606922,21.0,21.0
2025-26,2026-05-16,Pennsylvania,41.0,22.0,False,42.0,42.0,42.0,71.0,42.0,71.0,0.9507635754003786,0.9507635754003786,0.39959773806640486,-0.26953275394610365,False,0.897162722640528,20.0,20.0
2025-26,2026-05-16,Vermont,41.0,22.0,False,42.0,64.0,42.0,71.0,42.0,71.0,1.0,1.0,0.0,0.0,False,0.7625511119958239,20.0,42.0
2025-26,2026-05-16,Wyoming,41.0,22.0,False,44.0,45.0,42.0,71.0,42.0,71.0,1.032228820291136,1.032228820291136,0.15,0.47000362924573547,False,1.0087826317586122,22.0,23.0
2025-26,2026-05-30,Alaska,43.0,22.0,False,44.0,63.0,44.0,73.0,44.0,73.0,1.0,1.0,0.0,0.0,False,0.8339631080531219,22.0,41.0
2025-26,2026-05-30,California,43.0,27.0,False,44.0,44.0,44.0,73.0,44.0,73.0,0.960008218670925,0.960008218670925,0.3949717892734387,-0.22148929121818295,False,0.9401249224734782,17.0,17.0
2025-26,2026-05-30,New York,43.0,21.0,False,44.0,44.0,44.0,73.0,44.0,73.0,0.8543845305827096,0.8543845305827096,0.30025662959794697,-1.060871960685263,False,0.8224999602142355,23.0,23.0
2025-26,2026-05-30,Pennsylvania,43.0,22.0,False,44.0,44.0,44.0,73.0,44.0,73.0,0.9451341957889708,0.9451341957889708,0.39956383509813714,-0.30037489925019933,False,0.9519397204580056,22.0,22.0
2025-26,2026-05-30,Vermont,43.0,22.0,False,44.0,57.0,44.0,73.0,44.0,73.0,1.0,1.0,0.0,0.0,False,0.8976153861750733,22.0,35.0
2025-26,2026-05-30,Wyoming,43.0,22.0,False,44.0,44.0,44.0,73.0,44.0,73.0,0.9640963631592168,0.9640963631592168,0.08571428571428572,-0.916290731874155,False,0.9277910718841894,22.0,22.0
2025-26,2026-06-13,Alaska,45.0,22.0,False,54.0,65.0,46.0,75.0,46.0,75.0,1.0,1.0,0.0,0.0,False,0.8917518749044562,32.0,43.0
2025-26,2026-06-13,California,45.0,27.0,False,46.0,46.0,46.0,75.0,46.0,75.0,0.9665314102097805,0.9665314102097805,0.39198064293121326,-0.18677590714333547,False,0.9508842932273427,19.0,19.0
2025-26,2026-06-13,New York,45.0,21.0,False,46.0,46.0,46.0,75.0,46.0,75.0,0.9489614598374551,0.9489614598374551,0.2979683972911964,-0.3746934494414105,False,0.8946071902131079,25.0,25.0
2025-26,2026-06-13,Pennsylvania,45.0,22.0,False,47.0,46.0,46.0,75.0,46.0,75.0,0.9576869054814994,0.9576869054814994,0.39972531792877136,-0.23155874823949407,False,0.9746970007946654,25.0,24.0
2025-26,2026-06-13,Vermont,45.0,22.0,False,46.0,69.0,46.0,75.0,46.0,75.0,1.0,1.0,0.0,0.0,False,0.806918439408735,24.0,47.0
2025-26,2026-06-13,Wyoming,45.0,22.0,False,46.0,67.0,46.0,75.0,46.0,75.0,1.0,1.0,0.0,0.0,False,0.785513532651274,24.0,45.0
